domain,category,note
h3g.bangtonggroup.com,影视资源,热门内容及时呈现，追剧看书更轻松
ss8ubn597u6.bangtonggroup.com,影视资源,精选近期热播影视与人气小说，持续收录
jjkjspuiotw.bangtonggroup.com,影视资源,精彩内容一站式聚合，紧跟网络热度
slp.dongxiesoft.com,小说文苑,全网热门内容一页掌握，分类清晰
vq5i2.dongxiesoft.com,小说文苑,热播影视与小说聚合，每日更新精彩内容
setb63i9.bangtonggroup.com,影视资源,热播影视与小说聚合，每日更新精彩内容
amqss.bangtonggroup.com,影视资源,精彩内容一站式聚合，紧跟网络热度
sxgncpc4jua7.bangtonggroup.com,影视资源,收录优质站点资源，人工整理持续更新
qb9jzesyfsvn.bangtonggroup.com,影视资源,全网热门内容一页掌握，分类清晰
aprcyam.bangtonggroup.com,影视资源,精选近期热播影视与人气小说，持续收录
z0cfxb.dongxiesoft.com,小说文苑,高清资源在线看，更新及时访问流畅
alj9c20fg.bangtonggroup.com,影视资源,全网热门内容一页掌握，分类清晰
k9nz4368lz3w.dongxiesoft.com,小说文苑,全网热门内容一页掌握，分类清晰
a35zc46.dongxiesoft.com,小说文苑,收录优质站点资源，人工整理持续更新
axttmv4s3.bangtonggroup.com,影视资源,热门内容及时呈现，追剧看书更轻松
bmrnruny.bangtonggroup.com,影视资源,精彩内容一站式聚合，紧跟网络热度
yrzaxkk.dongxiesoft.com,小说文苑,热门内容及时呈现，追剧看书更轻松
mn73.dongxiesoft.com,小说文苑,全网热门内容一页掌握，分类清晰
g7udd0mcxul4.dongxiesoft.com,小说文苑,聚合影视推荐、小说精选与实时热点
ijly4.bangtonggroup.com,影视资源,全网热门内容一页掌握，分类清晰
u9mxmwv9bv.dongxiesoft.com,小说文苑,高清资源在线看，更新及时访问流畅
r2owo.bangtonggroup.com,影视资源,收录优质站点资源，人工整理持续更新
so8ukqvygrjj.dongxiesoft.com,小说文苑,精彩内容一站式聚合，紧跟网络热度
h23z20ovqrbc.bangtonggroup.com,影视资源,热播影视与小说聚合，每日更新精彩内容
pmo7mwv.bangtonggroup.com,影视资源,全网热门内容一页掌握，分类清晰
qonq95q.bangtonggroup.com,影视资源,精选近期热播影视与人气小说，持续收录
ctyv15rdyfb.dongxiesoft.com,小说文苑,收录优质站点资源，人工整理持续更新
wlsys.bangtonggroup.com,影视资源,精选近期热播影视与人气小说，持续收录
ozhveeb.bangtonggroup.com,影视资源,精选近期热播影视与人气小说，持续收录
yyr8ycd.dongxiesoft.com,小说文苑,全网热门内容一页掌握，分类清晰
ty127v95e07z.bangtonggroup.com,影视资源,热播影视与小说聚合，每日更新精彩内容
p2h.bangtonggroup.com,影视资源,精选近期热播影视与人气小说，持续收录
w37rdndf.dongxiesoft.com,小说文苑,收录优质站点资源，人工整理持续更新
zln60adl.dongxiesoft.com,小说文苑,热播影视与小说聚合，每日更新精彩内容
xo19ckzevyy2.dongxiesoft.com,小说文苑,收录优质站点资源，人工整理持续更新
wf44fsn4xxc.bangtonggroup.com,影视资源,热门内容及时呈现，追剧看书更轻松
l7do.bangtonggroup.com,影视资源,热门内容及时呈现，追剧看书更轻松
gytm09qycw6.bangtonggroup.com,影视资源,收录优质站点资源，人工整理持续更新
h3kya5m6h09.bangtonggroup.com,影视资源,高清资源在线看，更新及时访问流畅
u829vusr5.bangtonggroup.com,影视资源,收录优质站点资源，人工整理持续更新
t2zvwb.dongxiesoft.com,小说文苑,全网热门内容一页掌握，分类清晰
gqxc8johlt.dongxiesoft.com,小说文苑,热门内容及时呈现，追剧看书更轻松
b1sgksiwy.dongxiesoft.com,小说文苑,热播影视与小说聚合，每日更新精彩内容
kl816i028.dongxiesoft.com,小说文苑,全网热门内容一页掌握，分类清晰
m2f8u62gsf.dongxiesoft.com,小说文苑,全网热门内容一页掌握，分类清晰
n5n10xw8ahol.dongxiesoft.com,小说文苑,热门内容及时呈现，追剧看书更轻松
jicmi.dongxiesoft.com,小说文苑,聚合影视推荐、小说精选与实时热点
gf9xciizqj.bangtonggroup.com,影视资源,热播影视与小说聚合，每日更新精彩内容
j3fpixjay.dongxiesoft.com,小说文苑,全网热门内容一页掌握，分类清晰
vfjl.bangtonggroup.com,影视资源,高清资源在线看，更新及时访问流畅
c6qz.bangtonggroup.com,影视资源,高清资源在线看，更新及时访问流畅
dtg.bangtonggroup.com,影视资源,热门内容及时呈现，追剧看书更轻松
c8q8.dongxiesoft.com,小说文苑,聚合影视推荐、小说精选与实时热点
nb473rltyg0.dongxiesoft.com,小说文苑,精彩内容一站式聚合，紧跟网络热度
zzwgez0.dongxiesoft.com,小说文苑,精选近期热播影视与人气小说，持续收录
ofhhvkrbpotj.bangtonggroup.com,影视资源,热门内容及时呈现，追剧看书更轻松
i1iyxvxffg.bangtonggroup.com,影视资源,精彩内容一站式聚合，紧跟网络热度
r3i5zyqt.dongxiesoft.com,小说文苑,热播影视与小说聚合，每日更新精彩内容
t2jhcinlfz46.dongxiesoft.com,小说文苑,收录优质站点资源，人工整理持续更新
w1ipwxuyl4ml.bangtonggroup.com,影视资源,精彩内容一站式聚合，紧跟网络热度
kqxt8vr84.dongxiesoft.com,小说文苑,精彩内容一站式聚合，紧跟网络热度
zmf9sua5.bangtonggroup.com,影视资源,热门内容及时呈现，追剧看书更轻松
duw93.dongxiesoft.com,小说文苑,全网热门内容一页掌握，分类清晰
y83s6i.dongxiesoft.com,小说文苑,精彩内容一站式聚合，紧跟网络热度
mvn8thjipidm.dongxiesoft.com,小说文苑,聚合影视推荐、小说精选与实时热点
ydu.bangtonggroup.com,影视资源,热门内容及时呈现，追剧看书更轻松
iye4z24mo.bangtonggroup.com,影视资源,精彩内容一站式聚合，紧跟网络热度
mr0.bangtonggroup.com,影视资源,热门内容及时呈现，追剧看书更轻松
rs8.dongxiesoft.com,小说文苑,收录优质站点资源，人工整理持续更新
dm56fpdws.dongxiesoft.com,小说文苑,热播影视与小说聚合，每日更新精彩内容
abe2gjwx5hz.bangtonggroup.com,影视资源,聚合影视推荐、小说精选与实时热点
nybyz.dongxiesoft.com,小说文苑,热门内容及时呈现，追剧看书更轻松
nteusklc3eq7.bangtonggroup.com,影视资源,精选近期热播影视与人气小说，持续收录
k32.bangtonggroup.com,影视资源,热门内容及时呈现，追剧看书更轻松
mdccofeip3.dongxiesoft.com,小说文苑,精彩内容一站式聚合，紧跟网络热度
i3oor1hokbhi.bangtonggroup.com,影视资源,热播影视与小说聚合，每日更新精彩内容
l1l.bangtonggroup.com,影视资源,热播影视与小说聚合，每日更新精彩内容
ebb.bangtonggroup.com,影视资源,精彩内容一站式聚合，紧跟网络热度
rmwx6wt6ooxj.bangtonggroup.com,影视资源,精选近期热播影视与人气小说，持续收录
atu1bbyceekm.dongxiesoft.com,小说文苑,收录优质站点资源，人工整理持续更新
bsu.bangtonggroup.com,影视资源,聚合影视推荐、小说精选与实时热点
n30q767r.bangtonggroup.com,影视资源,高清资源在线看，更新及时访问流畅
qjisj1azufdc.bangtonggroup.com,影视资源,热播影视与小说聚合，每日更新精彩内容
zdq.dongxiesoft.com,小说文苑,聚合影视推荐、小说精选与实时热点
xwdq73.dongxiesoft.com,小说文苑,全网热门内容一页掌握，分类清晰
vik6ynu6.dongxiesoft.com,小说文苑,热播影视与小说聚合，每日更新精彩内容
y88zlhg.dongxiesoft.com,小说文苑,精彩内容一站式聚合，紧跟网络热度
vtl9rhyef.dongxiesoft.com,小说文苑,精选近期热播影视与人气小说，持续收录
is018.dongxiesoft.com,小说文苑,精选近期热播影视与人气小说，持续收录
chbfse60iw7.dongxiesoft.com,小说文苑,热播影视与小说聚合，每日更新精彩内容
ldiist.bangtonggroup.com,影视资源,热门内容及时呈现，追剧看书更轻松
wimj6.dongxiesoft.com,小说文苑,收录优质站点资源，人工整理持续更新
d346su7mx.bangtonggroup.com,影视资源,全网热门内容一页掌握，分类清晰
hir9orz2t.bangtonggroup.com,影视资源,热门内容及时呈现，追剧看书更轻松
g2tu91.dongxiesoft.com,小说文苑,热播影视与小说聚合，每日更新精彩内容
bsc1k.bangtonggroup.com,影视资源,全网热门内容一页掌握，分类清晰
ied.bangtonggroup.com,影视资源,收录优质站点资源，人工整理持续更新
ckslm70.dongxiesoft.com,小说文苑,聚合影视推荐、小说精选与实时热点
n6cdloe1rdhm.bangtonggroup.com,影视资源,聚合影视推荐、小说精选与实时热点
ob2mz.dongxiesoft.com,小说文苑,高清资源在线看，更新及时访问流畅
dmdpaq6v2k.bangtonggroup.com,影视资源,聚合影视推荐、小说精选与实时热点
qkn.bangtonggroup.com,影视资源,收录优质站点资源，人工整理持续更新
fa2a8sopw5.dongxiesoft.com,小说文苑,精选近期热播影视与人气小说，持续收录
mg2c2b.bangtonggroup.com,影视资源,聚合影视推荐、小说精选与实时热点
yu2rtpsbjf3e.dongxiesoft.com,小说文苑,热播影视与小说聚合，每日更新精彩内容
qpervlm8x7om.bangtonggroup.com,影视资源,热播影视与小说聚合，每日更新精彩内容
aqljiodhl46z.dongxiesoft.com,小说文苑,精彩内容一站式聚合，紧跟网络热度
lteipurbo1o.dongxiesoft.com,小说文苑,全网热门内容一页掌握，分类清晰
vzsu2oz.bangtonggroup.com,影视资源,精选近期热播影视与人气小说，持续收录
qb6daxbi3n.bangtonggroup.com,影视资源,热门内容及时呈现，追剧看书更轻松
eyktz1q1mj.dongxiesoft.com,小说文苑,全网热门内容一页掌握，分类清晰
ekz4pj2f.bangtonggroup.com,影视资源,收录优质站点资源，人工整理持续更新
k06.bangtonggroup.com,影视资源,热门内容及时呈现，追剧看书更轻松
d3txu.dongxiesoft.com,小说文苑,热门内容及时呈现，追剧看书更轻松
ixeo.bangtonggroup.com,影视资源,精选近期热播影视与人气小说，持续收录
ejou4chcs.dongxiesoft.com,小说文苑,热播影视与小说聚合，每日更新精彩内容
xr9x9aie1o7k.dongxiesoft.com,小说文苑,聚合影视推荐、小说精选与实时热点
aep759.dongxiesoft.com,小说文苑,精彩内容一站式聚合，紧跟网络热度
jcym.bangtonggroup.com,影视资源,精彩内容一站式聚合，紧跟网络热度
vqmycnn9.bangtonggroup.com,影视资源,热门内容及时呈现，追剧看书更轻松
ns1ryn4f82h.bangtonggroup.com,影视资源,精彩内容一站式聚合，紧跟网络热度
sndeh8.dongxiesoft.com,小说文苑,精彩内容一站式聚合，紧跟网络热度
hlcf3ts39.dongxiesoft.com,小说文苑,收录优质站点资源，人工整理持续更新
gm4.dongxiesoft.com,小说文苑,热门内容及时呈现，追剧看书更轻松
qjvp8.bangtonggroup.com,影视资源,热门内容及时呈现，追剧看书更轻松
ou0.dongxiesoft.com,小说文苑,精彩内容一站式聚合，紧跟网络热度
id1cju.dongxiesoft.com,小说文苑,热门内容及时呈现，追剧看书更轻松
h4bx.dongxiesoft.com,小说文苑,全网热门内容一页掌握，分类清晰
zrht9l7.dongxiesoft.com,小说文苑,聚合影视推荐、小说精选与实时热点
nhpwphsoht.dongxiesoft.com,小说文苑,精选近期热播影视与人气小说，持续收录
up2qa3.bangtonggroup.com,影视资源,精彩内容一站式聚合，紧跟网络热度
zbzdxbww.bangtonggroup.com,影视资源,全网热门内容一页掌握，分类清晰
hqst.dongxiesoft.com,小说文苑,聚合影视推荐、小说精选与实时热点
jzg.bangtonggroup.com,影视资源,收录优质站点资源，人工整理持续更新
myq2ulni.dongxiesoft.com,小说文苑,精彩内容一站式聚合，紧跟网络热度
xn7z.dongxiesoft.com,小说文苑,热门内容及时呈现，追剧看书更轻松
pyhuwglrjo4.dongxiesoft.com,小说文苑,热门内容及时呈现，追剧看书更轻松
kcm1vp.dongxiesoft.com,小说文苑,精选近期热播影视与人气小说，持续收录
cs5o.bangtonggroup.com,影视资源,热播影视与小说聚合，每日更新精彩内容
ubpsph.dongxiesoft.com,小说文苑,精彩内容一站式聚合，紧跟网络热度
zerkww5x.dongxiesoft.com,小说文苑,全网热门内容一页掌握，分类清晰
d8hywxc8.dongxiesoft.com,小说文苑,热播影视与小说聚合，每日更新精彩内容
zzz.bangtonggroup.com,影视资源,全网热门内容一页掌握，分类清晰
dcgo4y3a.bangtonggroup.com,影视资源,高清资源在线看，更新及时访问流畅
jjg.bangtonggroup.com,影视资源,收录优质站点资源，人工整理持续更新
iax6xuzlqx0v.dongxiesoft.com,小说文苑,热门内容及时呈现，追剧看书更轻松
tp4ao5pzx.dongxiesoft.com,小说文苑,聚合影视推荐、小说精选与实时热点
u9qqmdf.bangtonggroup.com,影视资源,精选近期热播影视与人气小说，持续收录
gnun7zn.dongxiesoft.com,小说文苑,精彩内容一站式聚合，紧跟网络热度
crk8wulhq1l.bangtonggroup.com,影视资源,收录优质站点资源，人工整理持续更新
un5gz.bangtonggroup.com,影视资源,全网热门内容一页掌握，分类清晰
ga1.dongxiesoft.com,小说文苑,收录优质站点资源，人工整理持续更新
tuhg17eyjrhl.dongxiesoft.com,小说文苑,精选近期热播影视与人气小说，持续收录
lv1xgkdp.bangtonggroup.com,影视资源,精选近期热播影视与人气小说，持续收录
ly5zpj.bangtonggroup.com,影视资源,全网热门内容一页掌握，分类清晰
ft4m2llaali.bangtonggroup.com,影视资源,聚合影视推荐、小说精选与实时热点
km92b.bangtonggroup.com,影视资源,全网热门内容一页掌握，分类清晰
hydv.dongxiesoft.com,小说文苑,精彩内容一站式聚合，紧跟网络热度
yntnedbfus1.bangtonggroup.com,影视资源,热播影视与小说聚合，每日更新精彩内容
h64.dongxiesoft.com,小说文苑,高清资源在线看，更新及时访问流畅
ha0g.dongxiesoft.com,小说文苑,聚合影视推荐、小说精选与实时热点
k97r5.dongxiesoft.com,小说文苑,全网热门内容一页掌握，分类清晰
dmnk4.dongxiesoft.com,小说文苑,高清资源在线看，更新及时访问流畅
rq3gs.bangtonggroup.com,影视资源,精选近期热播影视与人气小说，持续收录
fhg0.bangtonggroup.com,影视资源,精彩内容一站式聚合，紧跟网络热度
i1gym350vz4p.bangtonggroup.com,影视资源,热门内容及时呈现，追剧看书更轻松
t4org.bangtonggroup.com,影视资源,聚合影视推荐、小说精选与实时热点
n42.bangtonggroup.com,影视资源,聚合影视推荐、小说精选与实时热点
so3cwf.dongxiesoft.com,小说文苑,精选近期热播影视与人气小说，持续收录
vz9cx4xh.dongxiesoft.com,小说文苑,热门内容及时呈现，追剧看书更轻松
os3g3.bangtonggroup.com,影视资源,热门内容及时呈现，追剧看书更轻松
md8.bangtonggroup.com,影视资源,热门内容及时呈现，追剧看书更轻松
xznlr04.dongxiesoft.com,小说文苑,热播影视与小说聚合，每日更新精彩内容
s7r5o.dongxiesoft.com,小说文苑,聚合影视推荐、小说精选与实时热点
ea77.bangtonggroup.com,影视资源,精选近期热播影视与人气小说，持续收录
jgh2.bangtonggroup.com,影视资源,全网热门内容一页掌握，分类清晰
f37pd.dongxiesoft.com,小说文苑,高清资源在线看，更新及时访问流畅
z64952wzny9.dongxiesoft.com,小说文苑,热门内容及时呈现，追剧看书更轻松
aoi0db.bangtonggroup.com,影视资源,热播影视与小说聚合，每日更新精彩内容
xn9f7r.dongxiesoft.com,小说文苑,高清资源在线看，更新及时访问流畅
pxt.bangtonggroup.com,影视资源,全网热门内容一页掌握，分类清晰
odoprs.bangtonggroup.com,影视资源,精彩内容一站式聚合，紧跟网络热度
nztwg8ecs8.bangtonggroup.com,影视资源,热播影视与小说聚合，每日更新精彩内容
y74sxvhvt.bangtonggroup.com,影视资源,精选近期热播影视与人气小说，持续收录
g67o6.dongxiesoft.com,小说文苑,精彩内容一站式聚合，紧跟网络热度
aqf4icb1dbl.dongxiesoft.com,小说文苑,热门内容及时呈现，追剧看书更轻松
a84r8tdh25.bangtonggroup.com,影视资源,收录优质站点资源，人工整理持续更新
kwnn.bangtonggroup.com,影视资源,收录优质站点资源，人工整理持续更新
bey4yt9l3ocp.bangtonggroup.com,影视资源,热门内容及时呈现，追剧看书更轻松
i6uyb.dongxiesoft.com,小说文苑,高清资源在线看，更新及时访问流畅
ypumc.dongxiesoft.com,小说文苑,精选近期热播影视与人气小说，持续收录
fjbl.dongxiesoft.com,小说文苑,高清资源在线看，更新及时访问流畅
i93bbl.dongxiesoft.com,小说文苑,热门内容及时呈现，追剧看书更轻松
jasxt37.bangtonggroup.com,影视资源,聚合影视推荐、小说精选与实时热点
bj6i3uxkm6w.dongxiesoft.com,小说文苑,精选近期热播影视与人气小说，持续收录
qn165abexsh.dongxiesoft.com,小说文苑,聚合影视推荐、小说精选与实时热点
ejlswtkb.dongxiesoft.com,小说文苑,热门内容及时呈现，追剧看书更轻松
irl6a8.dongxiesoft.com,小说文苑,聚合影视推荐、小说精选与实时热点
vkj8bc6sl27.dongxiesoft.com,小说文苑,聚合影视推荐、小说精选与实时热点
stw.dongxiesoft.com,小说文苑,精彩内容一站式聚合，紧跟网络热度
oqofwgorw88m.bangtonggroup.com,影视资源,高清资源在线看，更新及时访问流畅
b9r9whh9uem.dongxiesoft.com,小说文苑,全网热门内容一页掌握，分类清晰
hg8hbpx1l.bangtonggroup.com,影视资源,精彩内容一站式聚合，紧跟网络热度
snp227z.dongxiesoft.com,小说文苑,收录优质站点资源，人工整理持续更新
fyctjsiskfq.bangtonggroup.com,影视资源,精选近期热播影视与人气小说，持续收录
sv49.dongxiesoft.com,小说文苑,精彩内容一站式聚合，紧跟网络热度
aso5bgbnafl.bangtonggroup.com,影视资源,聚合影视推荐、小说精选与实时热点
zkk5n.bangtonggroup.com,影视资源,高清资源在线看，更新及时访问流畅
kw8927nb.bangtonggroup.com,影视资源,精彩内容一站式聚合，紧跟网络热度
g60.dongxiesoft.com,小说文苑,精选近期热播影视与人气小说，持续收录
d0uhkfz.bangtonggroup.com,影视资源,全网热门内容一页掌握，分类清晰
n3b6.dongxiesoft.com,小说文苑,热门内容及时呈现，追剧看书更轻松
uxyf6.dongxiesoft.com,小说文苑,热播影视与小说聚合，每日更新精彩内容
wku6ov.bangtonggroup.com,影视资源,热门内容及时呈现，追剧看书更轻松
vz3.dongxiesoft.com,小说文苑,精选近期热播影视与人气小说，持续收录
zeiheq0h3.bangtonggroup.com,影视资源,热门内容及时呈现，追剧看书更轻松
kcq96qwp8q.bangtonggroup.com,影视资源,高清资源在线看，更新及时访问流畅
z1i6x.dongxiesoft.com,小说文苑,聚合影视推荐、小说精选与实时热点
ztq4bsoeh.dongxiesoft.com,小说文苑,热播影视与小说聚合，每日更新精彩内容
nsy6.bangtonggroup.com,影视资源,收录优质站点资源，人工整理持续更新
abd5gwgo.bangtonggroup.com,影视资源,聚合影视推荐、小说精选与实时热点
me0d1uun9vw.bangtonggroup.com,影视资源,聚合影视推荐、小说精选与实时热点
h6zat.dongxiesoft.com,小说文苑,聚合影视推荐、小说精选与实时热点
kofgno3.dongxiesoft.com,小说文苑,精彩内容一站式聚合，紧跟网络热度
rm50.bangtonggroup.com,影视资源,热播影视与小说聚合，每日更新精彩内容
r4utpe05f018.dongxiesoft.com,小说文苑,收录优质站点资源，人工整理持续更新
haj.bangtonggroup.com,影视资源,精选近期热播影视与人气小说，持续收录
g0wwdys.dongxiesoft.com,小说文苑,精彩内容一站式聚合，紧跟网络热度
k7ebyojwd18.bangtonggroup.com,影视资源,热播影视与小说聚合，每日更新精彩内容
taafolidwvv.bangtonggroup.com,影视资源,精彩内容一站式聚合，紧跟网络热度
qxfofv3k.bangtonggroup.com,影视资源,精彩内容一站式聚合，紧跟网络热度
ome2v.dongxiesoft.com,小说文苑,聚合影视推荐、小说精选与实时热点
wua6gm8f1q.bangtonggroup.com,影视资源,收录优质站点资源，人工整理持续更新
pfh.bangtonggroup.com,影视资源,精彩内容一站式聚合，紧跟网络热度
mca.bangtonggroup.com,影视资源,聚合影视推荐、小说精选与实时热点
xh3dd3y.bangtonggroup.com,影视资源,热播影视与小说聚合，每日更新精彩内容
iai5.dongxiesoft.com,小说文苑,精彩内容一站式聚合，紧跟网络热度
v3ue7akxbx2r.dongxiesoft.com,小说文苑,精彩内容一站式聚合，紧跟网络热度
g0jrb5.dongxiesoft.com,小说文苑,收录优质站点资源，人工整理持续更新
v5p8a79l.dongxiesoft.com,小说文苑,精彩内容一站式聚合，紧跟网络热度
g6e.dongxiesoft.com,小说文苑,全网热门内容一页掌握，分类清晰
k31kbr0a.bangtonggroup.com,影视资源,精选近期热播影视与人气小说，持续收录
w977qw.dongxiesoft.com,小说文苑,聚合影视推荐、小说精选与实时热点
u04kyrk.bangtonggroup.com,影视资源,热播影视与小说聚合，每日更新精彩内容
w1wy.dongxiesoft.com,小说文苑,高清资源在线看，更新及时访问流畅
ebczdu.dongxiesoft.com,小说文苑,聚合影视推荐、小说精选与实时热点
tv4sdtlgc.bangtonggroup.com,影视资源,收录优质站点资源，人工整理持续更新
qq318g752ji.dongxiesoft.com,小说文苑,热播影视与小说聚合，每日更新精彩内容
yx3.dongxiesoft.com,小说文苑,热门内容及时呈现，追剧看书更轻松
uhzxy6.bangtonggroup.com,影视资源,全网热门内容一页掌握，分类清晰
sp8v1sf.bangtonggroup.com,影视资源,全网热门内容一页掌握，分类清晰
w8g57jnc.bangtonggroup.com,影视资源,高清资源在线看，更新及时访问流畅
wgs8.dongxiesoft.com,小说文苑,聚合影视推荐、小说精选与实时热点
qcrp5exun1m.dongxiesoft.com,小说文苑,热门内容及时呈现，追剧看书更轻松
r35hazyxp.dongxiesoft.com,小说文苑,精彩内容一站式聚合，紧跟网络热度
wa5.dongxiesoft.com,小说文苑,全网热门内容一页掌握，分类清晰
g0wmsd.dongxiesoft.com,小说文苑,收录优质站点资源，人工整理持续更新
rg3v4is5id.dongxiesoft.com,小说文苑,精选近期热播影视与人气小说，持续收录
gwjnssjc7ixv.dongxiesoft.com,小说文苑,聚合影视推荐、小说精选与实时热点
biknl59a84.dongxiesoft.com,小说文苑,精彩内容一站式聚合，紧跟网络热度
awxj28xx7.dongxiesoft.com,小说文苑,精选近期热播影视与人气小说，持续收录
fyo7ftc47xzx.dongxiesoft.com,小说文苑,收录优质站点资源，人工整理持续更新
ogt9sk.bangtonggroup.com,影视资源,精选近期热播影视与人气小说，持续收录
ovl0bvcd.bangtonggroup.com,影视资源,热播影视与小说聚合，每日更新精彩内容
dnqxiles8ng.dongxiesoft.com,小说文苑,收录优质站点资源，人工整理持续更新
qtxrr.dongxiesoft.com,小说文苑,聚合影视推荐、小说精选与实时热点
u1xo49kzkt.dongxiesoft.com,小说文苑,聚合影视推荐、小说精选与实时热点
qgf1xg.dongxiesoft.com,小说文苑,精彩内容一站式聚合，紧跟网络热度
b3ywfohyz.bangtonggroup.com,影视资源,聚合影视推荐、小说精选与实时热点
fiv.dongxiesoft.com,小说文苑,高清资源在线看，更新及时访问流畅
cjk.bangtonggroup.com,影视资源,精选近期热播影视与人气小说，持续收录
kvfr9ppfv.dongxiesoft.com,小说文苑,高清资源在线看，更新及时访问流畅
f375aqk.bangtonggroup.com,影视资源,全网热门内容一页掌握，分类清晰
d1nosdjq.bangtonggroup.com,影视资源,精彩内容一站式聚合，紧跟网络热度
ipssjks.bangtonggroup.com,影视资源,精彩内容一站式聚合，紧跟网络热度
qas59.bangtonggroup.com,影视资源,精彩内容一站式聚合，紧跟网络热度
iwn6jk3.dongxiesoft.com,小说文苑,收录优质站点资源，人工整理持续更新
z1cbao5086pd.bangtonggroup.com,影视资源,精彩内容一站式聚合，紧跟网络热度
dclvxm4v4y.bangtonggroup.com,影视资源,热门内容及时呈现，追剧看书更轻松
my0gyxwzv8z4.dongxiesoft.com,小说文苑,高清资源在线看，更新及时访问流畅
ozf.dongxiesoft.com,小说文苑,高清资源在线看，更新及时访问流畅
c2kvk6637aj1.dongxiesoft.com,小说文苑,精选近期热播影视与人气小说，持续收录
h69yj7.dongxiesoft.com,小说文苑,全网热门内容一页掌握，分类清晰
fbzp.dongxiesoft.com,小说文苑,精选近期热播影视与人气小说，持续收录
i1v.bangtonggroup.com,影视资源,收录优质站点资源，人工整理持续更新
cj6j4.dongxiesoft.com,小说文苑,收录优质站点资源，人工整理持续更新
fnb.dongxiesoft.com,小说文苑,收录优质站点资源，人工整理持续更新
q00ghr6im.bangtonggroup.com,影视资源,精选近期热播影视与人气小说，持续收录
lyozyu2.bangtonggroup.com,影视资源,收录优质站点资源，人工整理持续更新
m1o.bangtonggroup.com,影视资源,热播影视与小说聚合，每日更新精彩内容
u379d.bangtonggroup.com,影视资源,高清资源在线看，更新及时访问流畅
sop63pkh.bangtonggroup.com,影视资源,热播影视与小说聚合，每日更新精彩内容
g5ixw29.bangtonggroup.com,影视资源,收录优质站点资源，人工整理持续更新
ky30e.dongxiesoft.com,小说文苑,热门内容及时呈现，追剧看书更轻松
d5cf0.dongxiesoft.com,小说文苑,全网热门内容一页掌握，分类清晰
iqajx8.bangtonggroup.com,影视资源,热门内容及时呈现，追剧看书更轻松
e7kun4qci8bi.bangtonggroup.com,影视资源,精选近期热播影视与人气小说，持续收录
jh1k.dongxiesoft.com,小说文苑,精选近期热播影视与人气小说，持续收录
agu8r.bangtonggroup.com,影视资源,高清资源在线看，更新及时访问流畅
x5rp49n6.dongxiesoft.com,小说文苑,聚合影视推荐、小说精选与实时热点
fom7gl3p2fs.bangtonggroup.com,影视资源,精选近期热播影视与人气小说，持续收录
mpf6.bangtonggroup.com,影视资源,全网热门内容一页掌握，分类清晰
ifvng.bangtonggroup.com,影视资源,全网热门内容一页掌握，分类清晰
knyn65blbwx.dongxiesoft.com,小说文苑,热门内容及时呈现，追剧看书更轻松
qemo.bangtonggroup.com,影视资源,精彩内容一站式聚合，紧跟网络热度
o6c.dongxiesoft.com,小说文苑,收录优质站点资源，人工整理持续更新
wmyv9i13.dongxiesoft.com,小说文苑,精彩内容一站式聚合，紧跟网络热度
poj0h4j.dongxiesoft.com,小说文苑,热播影视与小说聚合，每日更新精彩内容
lhet.dongxiesoft.com,小说文苑,精选近期热播影视与人气小说，持续收录
hnkmrpffjdnx.bangtonggroup.com,影视资源,热门内容及时呈现，追剧看书更轻松
cmffflrjx.bangtonggroup.com,影视资源,收录优质站点资源，人工整理持续更新
e1p7teku.bangtonggroup.com,影视资源,收录优质站点资源，人工整理持续更新
w1gp8f5b49hb.dongxiesoft.com,小说文苑,精彩内容一站式聚合，紧跟网络热度
aly9zj60g55.bangtonggroup.com,影视资源,热门内容及时呈现，追剧看书更轻松
jdgk.dongxiesoft.com,小说文苑,收录优质站点资源，人工整理持续更新
arfesg19dt.bangtonggroup.com,影视资源,精选近期热播影视与人气小说，持续收录
ahepo9u8.dongxiesoft.com,小说文苑,热播影视与小说聚合，每日更新精彩内容
i22m.bangtonggroup.com,影视资源,热播影视与小说聚合，每日更新精彩内容
b1xq.bangtonggroup.com,影视资源,热门内容及时呈现，追剧看书更轻松
le3n6o.bangtonggroup.com,影视资源,全网热门内容一页掌握，分类清晰
svl61g.dongxiesoft.com,小说文苑,聚合影视推荐、小说精选与实时热点
p47rt4q6a0.bangtonggroup.com,影视资源,热门内容及时呈现，追剧看书更轻松
s29hxhec.dongxiesoft.com,小说文苑,精彩内容一站式聚合，紧跟网络热度
vfohf.bangtonggroup.com,影视资源,热播影视与小说聚合，每日更新精彩内容
op0.dongxiesoft.com,小说文苑,收录优质站点资源，人工整理持续更新
wev.bangtonggroup.com,影视资源,精选近期热播影视与人气小说，持续收录
ib95td6ezb3.dongxiesoft.com,小说文苑,聚合影视推荐、小说精选与实时热点
gn9nh9hzcv.bangtonggroup.com,影视资源,热门内容及时呈现，追剧看书更轻松
sjhhsfyw.dongxiesoft.com,小说文苑,聚合影视推荐、小说精选与实时热点
n1wgrkek.dongxiesoft.com,小说文苑,收录优质站点资源，人工整理持续更新
rfb.bangtonggroup.com,影视资源,聚合影视推荐、小说精选与实时热点
fufhu16.dongxiesoft.com,小说文苑,热播影视与小说聚合，每日更新精彩内容
tss.bangtonggroup.com,影视资源,精彩内容一站式聚合，紧跟网络热度
zsz.dongxiesoft.com,小说文苑,全网热门内容一页掌握，分类清晰
mxmi0.dongxiesoft.com,小说文苑,热门内容及时呈现，追剧看书更轻松
tr9s6hokk.dongxiesoft.com,小说文苑,全网热门内容一页掌握，分类清晰
wvwtj.dongxiesoft.com,小说文苑,收录优质站点资源，人工整理持续更新
gcc99cez9.dongxiesoft.com,小说文苑,热门内容及时呈现，追剧看书更轻松
s9ha7su3ba0.bangtonggroup.com,影视资源,热门内容及时呈现，追剧看书更轻松
gha3it9r2.bangtonggroup.com,影视资源,聚合影视推荐、小说精选与实时热点
yta.bangtonggroup.com,影视资源,全网热门内容一页掌握，分类清晰
zpntp.bangtonggroup.com,影视资源,聚合影视推荐、小说精选与实时热点
tk401sg6.bangtonggroup.com,影视资源,热播影视与小说聚合，每日更新精彩内容
o4a7xjb1.bangtonggroup.com,影视资源,全网热门内容一页掌握，分类清晰
z04ku2st0kfy.bangtonggroup.com,影视资源,精选近期热播影视与人气小说，持续收录
u5ss3rf.dongxiesoft.com,小说文苑,热门内容及时呈现，追剧看书更轻松
g608sn1zo.dongxiesoft.com,小说文苑,热播影视与小说聚合，每日更新精彩内容
unqtqxjvbora.dongxiesoft.com,小说文苑,聚合影视推荐、小说精选与实时热点
vfwgdzd4si2.dongxiesoft.com,小说文苑,热门内容及时呈现，追剧看书更轻松
dsl0k7tb2x2.dongxiesoft.com,小说文苑,全网热门内容一页掌握，分类清晰
p8obm9k.dongxiesoft.com,小说文苑,精选近期热播影视与人气小说，持续收录
hs9z.bangtonggroup.com,影视资源,精选近期热播影视与人气小说，持续收录
q9pr0rwf.bangtonggroup.com,影视资源,热播影视与小说聚合，每日更新精彩内容
azoj1.dongxiesoft.com,小说文苑,聚合影视推荐、小说精选与实时热点
cais.bangtonggroup.com,影视资源,精彩内容一站式聚合，紧跟网络热度
yvz648cu.dongxiesoft.com,小说文苑,聚合影视推荐、小说精选与实时热点
k4pc6a.bangtonggroup.com,影视资源,热播影视与小说聚合，每日更新精彩内容
fze07s4.bangtonggroup.com,影视资源,精选近期热播影视与人气小说，持续收录
qpfrfuwty.bangtonggroup.com,影视资源,收录优质站点资源，人工整理持续更新
vvq7afk5zgh.dongxiesoft.com,小说文苑,热播影视与小说聚合，每日更新精彩内容
soe25plxps.bangtonggroup.com,影视资源,精选近期热播影视与人气小说，持续收录
i6c.dongxiesoft.com,小说文苑,全网热门内容一页掌握，分类清晰
wth3e8.bangtonggroup.com,影视资源,精彩内容一站式聚合，紧跟网络热度
jwtf2r.bangtonggroup.com,影视资源,全网热门内容一页掌握，分类清晰
zbpqmsv.dongxiesoft.com,小说文苑,全网热门内容一页掌握，分类清晰
p2xf1vqcdtq.dongxiesoft.com,小说文苑,精选近期热播影视与人气小说，持续收录
nfx.bangtonggroup.com,影视资源,高清资源在线看，更新及时访问流畅
ll5ftm.bangtonggroup.com,影视资源,高清资源在线看，更新及时访问流畅
x7hlr9yt8gj3.bangtonggroup.com,影视资源,热播影视与小说聚合，每日更新精彩内容
tw6yhuhq6.bangtonggroup.com,影视资源,精彩内容一站式聚合，紧跟网络热度
vywoy50hgcc.bangtonggroup.com,影视资源,精彩内容一站式聚合，紧跟网络热度
d26ft848gdk.dongxiesoft.com,小说文苑,全网热门内容一页掌握，分类清晰
tx1ajni.dongxiesoft.com,小说文苑,精选近期热播影视与人气小说，持续收录
qjxlkuy07.bangtonggroup.com,影视资源,热播影视与小说聚合，每日更新精彩内容
hisg6yoc.dongxiesoft.com,小说文苑,热门内容及时呈现，追剧看书更轻松
ac7b.dongxiesoft.com,小说文苑,全网热门内容一页掌握，分类清晰
dm3qttntes6.bangtonggroup.com,影视资源,热播影视与小说聚合，每日更新精彩内容
b1pn9p.bangtonggroup.com,影视资源,热门内容及时呈现，追剧看书更轻松
nbj.bangtonggroup.com,影视资源,精选近期热播影视与人气小说，持续收录
oe7igiphy.dongxiesoft.com,小说文苑,高清资源在线看，更新及时访问流畅
kei.dongxiesoft.com,小说文苑,热门内容及时呈现，追剧看书更轻松
tj5k.bangtonggroup.com,影视资源,热播影视与小说聚合，每日更新精彩内容
ds2mrnh8bt.bangtonggroup.com,影视资源,精彩内容一站式聚合，紧跟网络热度
lc4gn8vydcfm.dongxiesoft.com,小说文苑,聚合影视推荐、小说精选与实时热点
fs0.bangtonggroup.com,影视资源,全网热门内容一页掌握，分类清晰
hr4w45.dongxiesoft.com,小说文苑,收录优质站点资源，人工整理持续更新
e8uogtpwe.bangtonggroup.com,影视资源,热播影视与小说聚合，每日更新精彩内容
znx68u1.bangtonggroup.com,影视资源,收录优质站点资源，人工整理持续更新
iog7h5wxhlg.bangtonggroup.com,影视资源,全网热门内容一页掌握，分类清晰
eta.bangtonggroup.com,影视资源,热播影视与小说聚合，每日更新精彩内容
yc1u4rpcphtx.bangtonggroup.com,影视资源,聚合影视推荐、小说精选与实时热点
dm8w.bangtonggroup.com,影视资源,高清资源在线看，更新及时访问流畅
ucsls9wi.bangtonggroup.com,影视资源,收录优质站点资源，人工整理持续更新
tgtsd831x2.bangtonggroup.com,影视资源,热播影视与小说聚合，每日更新精彩内容
guayyrdwne63.bangtonggroup.com,影视资源,聚合影视推荐、小说精选与实时热点
k6kdzwsv8d6.dongxiesoft.com,小说文苑,收录优质站点资源，人工整理持续更新
nysty0.dongxiesoft.com,小说文苑,收录优质站点资源，人工整理持续更新
t9o8kvd1.dongxiesoft.com,小说文苑,高清资源在线看，更新及时访问流畅
hpmb2r.bangtonggroup.com,影视资源,精选近期热播影视与人气小说，持续收录
ddy4dhnnvg.dongxiesoft.com,小说文苑,高清资源在线看，更新及时访问流畅
ko3m6.dongxiesoft.com,小说文苑,高清资源在线看，更新及时访问流畅
fgu1ye.bangtonggroup.com,影视资源,聚合影视推荐、小说精选与实时热点
lwn.bangtonggroup.com,影视资源,全网热门内容一页掌握，分类清晰
uqdzp4yr.dongxiesoft.com,小说文苑,精彩内容一站式聚合，紧跟网络热度
ojvlelxdc1.dongxiesoft.com,小说文苑,收录优质站点资源，人工整理持续更新
tf67i.bangtonggroup.com,影视资源,精彩内容一站式聚合，紧跟网络热度
bg6.bangtonggroup.com,影视资源,精彩内容一站式聚合，紧跟网络热度
dl1v21.bangtonggroup.com,影视资源,高清资源在线看，更新及时访问流畅
mwyfw.dongxiesoft.com,小说文苑,热门内容及时呈现，追剧看书更轻松
o4k90eg.dongxiesoft.com,小说文苑,高清资源在线看，更新及时访问流畅
n212uccx.dongxiesoft.com,小说文苑,热门内容及时呈现，追剧看书更轻松
d2ynlrqawb6.bangtonggroup.com,影视资源,热门内容及时呈现，追剧看书更轻松
jbrb.dongxiesoft.com,小说文苑,热门内容及时呈现，追剧看书更轻松
jj5jm.bangtonggroup.com,影视资源,全网热门内容一页掌握，分类清晰
b39v44kx9rq.dongxiesoft.com,小说文苑,高清资源在线看，更新及时访问流畅
fc92.bangtonggroup.com,影视资源,聚合影视推荐、小说精选与实时热点
gz8.dongxiesoft.com,小说文苑,收录优质站点资源，人工整理持续更新
jdx1.dongxiesoft.com,小说文苑,热门内容及时呈现，追剧看书更轻松
t0c98flzkgv.bangtonggroup.com,影视资源,高清资源在线看，更新及时访问流畅
mwvb.bangtonggroup.com,影视资源,精选近期热播影视与人气小说，持续收录
pa8.dongxiesoft.com,小说文苑,收录优质站点资源，人工整理持续更新
i1ryl5o62.dongxiesoft.com,小说文苑,精彩内容一站式聚合，紧跟网络热度
qjdh8od6xs9o.bangtonggroup.com,影视资源,聚合影视推荐、小说精选与实时热点
ycvi49q3rh.bangtonggroup.com,影视资源,热播影视与小说聚合，每日更新精彩内容
ubx6.bangtonggroup.com,影视资源,精选近期热播影视与人气小说，持续收录
suekk.dongxiesoft.com,小说文苑,高清资源在线看，更新及时访问流畅
qq0b.bangtonggroup.com,影视资源,收录优质站点资源，人工整理持续更新
guxxb26.bangtonggroup.com,影视资源,高清资源在线看，更新及时访问流畅
e4i8w1k.bangtonggroup.com,影视资源,精彩内容一站式聚合，紧跟网络热度
vaakixtzjpw.bangtonggroup.com,影视资源,精彩内容一站式聚合，紧跟网络热度
prp4iwz.dongxiesoft.com,小说文苑,收录优质站点资源，人工整理持续更新
n54ay5hdkw6.dongxiesoft.com,小说文苑,全网热门内容一页掌握，分类清晰
xjc92hkv.bangtonggroup.com,影视资源,热播影视与小说聚合，每日更新精彩内容
e4lfqdgut.dongxiesoft.com,小说文苑,精选近期热播影视与人气小说，持续收录
t71hc.bangtonggroup.com,影视资源,高清资源在线看，更新及时访问流畅
lt7gishu.bangtonggroup.com,影视资源,热播影视与小说聚合，每日更新精彩内容
es1m.bangtonggroup.com,影视资源,精彩内容一站式聚合，紧跟网络热度
dw622riiu96.dongxiesoft.com,小说文苑,高清资源在线看，更新及时访问流畅
qbfri.dongxiesoft.com,小说文苑,全网热门内容一页掌握，分类清晰
a0eakhf.bangtonggroup.com,影视资源,全网热门内容一页掌握，分类清晰
v3q.dongxiesoft.com,小说文苑,精选近期热播影视与人气小说，持续收录
xo5fsvy5.dongxiesoft.com,小说文苑,聚合影视推荐、小说精选与实时热点
thox.dongxiesoft.com,小说文苑,精选近期热播影视与人气小说，持续收录
tv8u.bangtonggroup.com,影视资源,精彩内容一站式聚合，紧跟网络热度
u3rwx.bangtonggroup.com,影视资源,聚合影视推荐、小说精选与实时热点
vdu.bangtonggroup.com,影视资源,收录优质站点资源，人工整理持续更新
e6qyjmawl0.dongxiesoft.com,小说文苑,收录优质站点资源，人工整理持续更新
a1s97o5j.bangtonggroup.com,影视资源,聚合影视推荐、小说精选与实时热点
kw6zwwx7t.dongxiesoft.com,小说文苑,高清资源在线看，更新及时访问流畅
hdy.dongxiesoft.com,小说文苑,收录优质站点资源，人工整理持续更新
r126w7.dongxiesoft.com,小说文苑,热门内容及时呈现，追剧看书更轻松
uaq1u.bangtonggroup.com,影视资源,收录优质站点资源，人工整理持续更新
x2jkrjxr.bangtonggroup.com,影视资源,高清资源在线看，更新及时访问流畅
v9qymx.dongxiesoft.com,小说文苑,聚合影视推荐、小说精选与实时热点
qnnctjn.dongxiesoft.com,小说文苑,全网热门内容一页掌握，分类清晰
r9q.bangtonggroup.com,影视资源,收录优质站点资源，人工整理持续更新
wi2z.dongxiesoft.com,小说文苑,高清资源在线看，更新及时访问流畅
bi5gokd.bangtonggroup.com,影视资源,收录优质站点资源，人工整理持续更新
s0wr.bangtonggroup.com,影视资源,精彩内容一站式聚合，紧跟网络热度
jj41y04t605.bangtonggroup.com,影视资源,聚合影视推荐、小说精选与实时热点
z1n65l.dongxiesoft.com,小说文苑,精彩内容一站式聚合，紧跟网络热度
f8whal.dongxiesoft.com,小说文苑,收录优质站点资源，人工整理持续更新
ru7.bangtonggroup.com,影视资源,高清资源在线看，更新及时访问流畅
zbg.bangtonggroup.com,影视资源,热播影视与小说聚合，每日更新精彩内容
yxqkcroqa.bangtonggroup.com,影视资源,聚合影视推荐、小说精选与实时热点
lfme51xo8e83.bangtonggroup.com,影视资源,精选近期热播影视与人气小说，持续收录
o6rwyg4iz.bangtonggroup.com,影视资源,收录优质站点资源，人工整理持续更新
eue6uc9t.dongxiesoft.com,小说文苑,收录优质站点资源，人工整理持续更新
qtyr.bangtonggroup.com,影视资源,收录优质站点资源，人工整理持续更新
hqsix6q.bangtonggroup.com,影视资源,精彩内容一站式聚合，紧跟网络热度
p2hg00r.bangtonggroup.com,影视资源,热门内容及时呈现，追剧看书更轻松
r7huzi.bangtonggroup.com,影视资源,全网热门内容一页掌握，分类清晰
j5ec.bangtonggroup.com,影视资源,聚合影视推荐、小说精选与实时热点
xd4l6wz8.dongxiesoft.com,小说文苑,热门内容及时呈现，追剧看书更轻松
y4j8y.bangtonggroup.com,影视资源,聚合影视推荐、小说精选与实时热点
ane2hb.dongxiesoft.com,小说文苑,聚合影视推荐、小说精选与实时热点
phfh40w58.bangtonggroup.com,影视资源,热播影视与小说聚合，每日更新精彩内容
rn4x6lxjc3j.dongxiesoft.com,小说文苑,热门内容及时呈现，追剧看书更轻松
yq5hq.bangtonggroup.com,影视资源,高清资源在线看，更新及时访问流畅
lcqm5.bangtonggroup.com,影视资源,高清资源在线看，更新及时访问流畅
x15d6e6brd4.bangtonggroup.com,影视资源,精选近期热播影视与人气小说，持续收录
k2hmtfua78xj.dongxiesoft.com,小说文苑,精彩内容一站式聚合，紧跟网络热度
i20iowkzse.dongxiesoft.com,小说文苑,收录优质站点资源，人工整理持续更新
zba0.bangtonggroup.com,影视资源,热门内容及时呈现，追剧看书更轻松
z84x.bangtonggroup.com,影视资源,精彩内容一站式聚合，紧跟网络热度
ejkg3ht.dongxiesoft.com,小说文苑,热门内容及时呈现，追剧看书更轻松
gx2hpqcun.dongxiesoft.com,小说文苑,收录优质站点资源，人工整理持续更新
toa.bangtonggroup.com,影视资源,热门内容及时呈现，追剧看书更轻松
bfczzyvj.dongxiesoft.com,小说文苑,精彩内容一站式聚合，紧跟网络热度
sgamru0e.dongxiesoft.com,小说文苑,收录优质站点资源，人工整理持续更新
z9r4bogxwv0.dongxiesoft.com,小说文苑,聚合影视推荐、小说精选与实时热点
jau59i612fmw.dongxiesoft.com,小说文苑,聚合影视推荐、小说精选与实时热点
xd46d13sxt.bangtonggroup.com,影视资源,高清资源在线看，更新及时访问流畅
xk4b0.dongxiesoft.com,小说文苑,热门内容及时呈现，追剧看书更轻松
xhe04.dongxiesoft.com,小说文苑,热门内容及时呈现，追剧看书更轻松
c7eyshk.dongxiesoft.com,小说文苑,热播影视与小说聚合，每日更新精彩内容
hjri.dongxiesoft.com,小说文苑,热门内容及时呈现，追剧看书更轻松
ea7jo0hm.bangtonggroup.com,影视资源,收录优质站点资源，人工整理持续更新
g88v.bangtonggroup.com,影视资源,收录优质站点资源，人工整理持续更新
o5c3d.bangtonggroup.com,影视资源,高清资源在线看，更新及时访问流畅
bpncf21pl5n.wkrrwnmidce.com,资源合集,收录优质站点资源，人工整理持续更新
r81h35gqcfxf.tjjtajipiwx.com,热门推荐,收录优质站点资源，人工整理持续更新
hoalq3.wkrrwnmidce.com,资源合集,高清资源在线看，更新及时访问流畅
a0ya9wd2i0.wkrrwnmidce.com,资源合集,全网热门内容一页掌握，分类清晰
vu8jk6ha2u.wkrrwnmidce.com,资源合集,精彩内容一站式聚合，紧跟网络热度
sgv7.tjjtajipiwx.com,热门推荐,精彩内容一站式聚合，紧跟网络热度
hlp7c.tjjtajipiwx.com,热门推荐,热播影视与小说聚合，每日更新精彩内容
brw1a.tjjtajipiwx.com,热门推荐,精选近期热播影视与人气小说，持续收录
ajkmg.wkrrwnmidce.com,资源合集,精彩内容一站式聚合，紧跟网络热度
a9tf6ipod.wkrrwnmidce.com,资源合集,热播影视与小说聚合，每日更新精彩内容
c6u6rbth.tjjtajipiwx.com,热门推荐,精选近期热播影视与人气小说，持续收录
v1ymxw6jol1r.tjjtajipiwx.com,热门推荐,精彩内容一站式聚合，紧跟网络热度
woc.tjjtajipiwx.com,热门推荐,精选近期热播影视与人气小说，持续收录
aqik98akoz6.tjjtajipiwx.com,热门推荐,热播影视与小说聚合，每日更新精彩内容
vvohkl1pr.tjjtajipiwx.com,热门推荐,全网热门内容一页掌握，分类清晰
yp8l8.tjjtajipiwx.com,热门推荐,精选近期热播影视与人气小说，持续收录
gwb.tjjtajipiwx.com,热门推荐,精彩内容一站式聚合，紧跟网络热度
tkx5rqjisgu.tjjtajipiwx.com,热门推荐,聚合影视推荐、小说精选与实时热点
miezpupw.wkrrwnmidce.com,资源合集,热播影视与小说聚合，每日更新精彩内容
vzjgitdd.tjjtajipiwx.com,热门推荐,聚合影视推荐、小说精选与实时热点
drdvmq7.wkrrwnmidce.com,资源合集,精彩内容一站式聚合，紧跟网络热度
u09l.wkrrwnmidce.com,资源合集,精选近期热播影视与人气小说，持续收录
gdyvh5jjbdkf.tjjtajipiwx.com,热门推荐,全网热门内容一页掌握，分类清晰
dmn.wkrrwnmidce.com,资源合集,热播影视与小说聚合，每日更新精彩内容
iowx0xebq8.tjjtajipiwx.com,热门推荐,精选近期热播影视与人气小说，持续收录
tocq.wkrrwnmidce.com,资源合集,热播影视与小说聚合，每日更新精彩内容
ct6s98suif39.wkrrwnmidce.com,资源合集,热播影视与小说聚合，每日更新精彩内容
buwn.wkrrwnmidce.com,资源合集,全网热门内容一页掌握，分类清晰
mylp6v.wkrrwnmidce.com,资源合集,聚合影视推荐、小说精选与实时热点
gzznvjk48.tjjtajipiwx.com,热门推荐,聚合影视推荐、小说精选与实时热点
zx6f8k2fee.tjjtajipiwx.com,热门推荐,精彩内容一站式聚合，紧跟网络热度
usji89qo.tjjtajipiwx.com,热门推荐,精彩内容一站式聚合，紧跟网络热度
yzx4d.wkrrwnmidce.com,资源合集,热门内容及时呈现，追剧看书更轻松
ttkrfkzcb23.wkrrwnmidce.com,资源合集,聚合影视推荐、小说精选与实时热点
rat5tj33s.wkrrwnmidce.com,资源合集,全网热门内容一页掌握，分类清晰
yev8g.wkrrwnmidce.com,资源合集,聚合影视推荐、小说精选与实时热点
hbwgfo80bgwk.wkrrwnmidce.com,资源合集,热门内容及时呈现，追剧看书更轻松
h2jn2fz7w1w.tjjtajipiwx.com,热门推荐,热播影视与小说聚合，每日更新精彩内容
dre6y.tjjtajipiwx.com,热门推荐,热门内容及时呈现，追剧看书更轻松
rb3n7wb.wkrrwnmidce.com,资源合集,热门内容及时呈现，追剧看书更轻松
zkbi5.wkrrwnmidce.com,资源合集,热门内容及时呈现，追剧看书更轻松
hbte2.tjjtajipiwx.com,热门推荐,高清资源在线看，更新及时访问流畅
alviy6.tjjtajipiwx.com,热门推荐,高清资源在线看，更新及时访问流畅
nihn.tjjtajipiwx.com,热门推荐,聚合影视推荐、小说精选与实时热点
p011y0d2e.wkrrwnmidce.com,资源合集,热播影视与小说聚合，每日更新精彩内容
bn7fzh4q.tjjtajipiwx.com,热门推荐,精选近期热播影视与人气小说，持续收录
pynj8il2k.tjjtajipiwx.com,热门推荐,高清资源在线看，更新及时访问流畅
hen8gqrxj8hl.tjjtajipiwx.com,热门推荐,热播影视与小说聚合，每日更新精彩内容
uts9bta5g7m.wkrrwnmidce.com,资源合集,精选近期热播影视与人气小说，持续收录
uz7cz.tjjtajipiwx.com,热门推荐,精彩内容一站式聚合，紧跟网络热度
pqkilk1k.wkrrwnmidce.com,资源合集,热门内容及时呈现，追剧看书更轻松
syx8q314.wkrrwnmidce.com,资源合集,全网热门内容一页掌握，分类清晰
hxy.wkrrwnmidce.com,资源合集,聚合影视推荐、小说精选与实时热点
z8dnfmdh.tjjtajipiwx.com,热门推荐,精彩内容一站式聚合，紧跟网络热度
rnzlji.wkrrwnmidce.com,资源合集,全网热门内容一页掌握，分类清晰
kez9ep7r.wkrrwnmidce.com,资源合集,全网热门内容一页掌握，分类清晰
xoeip1x.tjjtajipiwx.com,热门推荐,收录优质站点资源，人工整理持续更新
i069bm9uq7pi.wkrrwnmidce.com,资源合集,全网热门内容一页掌握，分类清晰
ufvak5.wkrrwnmidce.com,资源合集,收录优质站点资源，人工整理持续更新
cmge4k.tjjtajipiwx.com,热门推荐,热门内容及时呈现，追剧看书更轻松
bilwl.tjjtajipiwx.com,热门推荐,收录优质站点资源，人工整理持续更新
i7he.wkrrwnmidce.com,资源合集,热门内容及时呈现，追剧看书更轻松
axqt.wkrrwnmidce.com,资源合集,热门内容及时呈现，追剧看书更轻松
c6an.tjjtajipiwx.com,热门推荐,精彩内容一站式聚合，紧跟网络热度
boe862jc61j.wkrrwnmidce.com,资源合集,精彩内容一站式聚合，紧跟网络热度
di8odml.wkrrwnmidce.com,资源合集,热播影视与小说聚合，每日更新精彩内容
rhv3b0.wkrrwnmidce.com,资源合集,热播影视与小说聚合，每日更新精彩内容
kwdtz.tjjtajipiwx.com,热门推荐,精选近期热播影视与人气小说，持续收录
dr2.tjjtajipiwx.com,热门推荐,收录优质站点资源，人工整理持续更新
sb2w1esgsz.wkrrwnmidce.com,资源合集,热播影视与小说聚合，每日更新精彩内容
r1qoh2cx.wkrrwnmidce.com,资源合集,热播影视与小说聚合，每日更新精彩内容
kyfsi8yf09rv.wkrrwnmidce.com,资源合集,高清资源在线看，更新及时访问流畅
rv5ez.tjjtajipiwx.com,热门推荐,全网热门内容一页掌握，分类清晰
s9c.tjjtajipiwx.com,热门推荐,高清资源在线看，更新及时访问流畅
n3xhis085txu.tjjtajipiwx.com,热门推荐,精选近期热播影视与人气小说，持续收录
m5zv.wkrrwnmidce.com,资源合集,收录优质站点资源，人工整理持续更新
v137tb026u.tjjtajipiwx.com,热门推荐,精彩内容一站式聚合，紧跟网络热度
ia3nyc.tjjtajipiwx.com,热门推荐,热门内容及时呈现，追剧看书更轻松
csqv.wkrrwnmidce.com,资源合集,精彩内容一站式聚合，紧跟网络热度
c5meyoqqusi.wkrrwnmidce.com,资源合集,热门内容及时呈现，追剧看书更轻松
n4wei5qvh1.wkrrwnmidce.com,资源合集,全网热门内容一页掌握，分类清晰
qv4.tjjtajipiwx.com,热门推荐,热门内容及时呈现，追剧看书更轻松
un6up2owgk.tjjtajipiwx.com,热门推荐,精选近期热播影视与人气小说，持续收录
w36xfluhirc.tjjtajipiwx.com,热门推荐,精彩内容一站式聚合，紧跟网络热度
bur5p0z.wkrrwnmidce.com,资源合集,聚合影视推荐、小说精选与实时热点
ozvb.tjjtajipiwx.com,热门推荐,高清资源在线看，更新及时访问流畅
qekd9s.wkrrwnmidce.com,资源合集,热门内容及时呈现，追剧看书更轻松
n8dzbetty.wkrrwnmidce.com,资源合集,聚合影视推荐、小说精选与实时热点
sakkcuh.wkrrwnmidce.com,资源合集,精彩内容一站式聚合，紧跟网络热度
lwsnp3p0.wkrrwnmidce.com,资源合集,全网热门内容一页掌握，分类清晰
faz7n5ni6y.tjjtajipiwx.com,热门推荐,高清资源在线看，更新及时访问流畅
hmz.wkrrwnmidce.com,资源合集,精彩内容一站式聚合，紧跟网络热度
bl0frt168t.tjjtajipiwx.com,热门推荐,热门内容及时呈现，追剧看书更轻松
dzc5un51ipyo.wkrrwnmidce.com,资源合集,热门内容及时呈现，追剧看书更轻松
tu22xvue4cv9.tjjtajipiwx.com,热门推荐,精选近期热播影视与人气小说，持续收录
y6ikpdw.wkrrwnmidce.com,资源合集,全网热门内容一页掌握，分类清晰
c2t.tjjtajipiwx.com,热门推荐,热播影视与小说聚合，每日更新精彩内容
kreotaspqows.wkrrwnmidce.com,资源合集,精选近期热播影视与人气小说，持续收录
u3r.wkrrwnmidce.com,资源合集,热播影视与小说聚合，每日更新精彩内容
r2ud1fop.tjjtajipiwx.com,热门推荐,聚合影视推荐、小说精选与实时热点
fxo7arht2w.wkrrwnmidce.com,资源合集,收录优质站点资源，人工整理持续更新
vs6a95bxp.wkrrwnmidce.com,资源合集,精选近期热播影视与人气小说，持续收录
rvlsp17.wkrrwnmidce.com,资源合集,全网热门内容一页掌握，分类清晰
kaua6kylwhms.tjjtajipiwx.com,热门推荐,聚合影视推荐、小说精选与实时热点
uvp4w6ji.wkrrwnmidce.com,资源合集,热门内容及时呈现，追剧看书更轻松
hibquz.tjjtajipiwx.com,热门推荐,热门内容及时呈现，追剧看书更轻松
q7r6zbobij.tjjtajipiwx.com,热门推荐,全网热门内容一页掌握，分类清晰
r31ry8j373am.wkrrwnmidce.com,资源合集,精彩内容一站式聚合，紧跟网络热度
vox9.wkrrwnmidce.com,资源合集,收录优质站点资源，人工整理持续更新
b65pjzv.tjjtajipiwx.com,热门推荐,全网热门内容一页掌握，分类清晰
shijy.tjjtajipiwx.com,热门推荐,热门内容及时呈现，追剧看书更轻松
hgzxx.tjjtajipiwx.com,热门推荐,全网热门内容一页掌握，分类清晰
jxa7rd9jd.wkrrwnmidce.com,资源合集,聚合影视推荐、小说精选与实时热点
g0cvixy2c9z3.wkrrwnmidce.com,资源合集,全网热门内容一页掌握，分类清晰
oudvo6p1yssk.tjjtajipiwx.com,热门推荐,热门内容及时呈现，追剧看书更轻松
dc2vgcuuxb.wkrrwnmidce.com,资源合集,热播影视与小说聚合，每日更新精彩内容
ojsx.tjjtajipiwx.com,热门推荐,高清资源在线看，更新及时访问流畅
o94c9au2.tjjtajipiwx.com,热门推荐,高清资源在线看，更新及时访问流畅
xr50b.wkrrwnmidce.com,资源合集,全网热门内容一页掌握，分类清晰
kqy6umbg0l6.wkrrwnmidce.com,资源合集,精彩内容一站式聚合，紧跟网络热度
hlhs.wkrrwnmidce.com,资源合集,热播影视与小说聚合，每日更新精彩内容
j3o.wkrrwnmidce.com,资源合集,精彩内容一站式聚合，紧跟网络热度
xlwt3xl.tjjtajipiwx.com,热门推荐,精选近期热播影视与人气小说，持续收录
zwy7s6lqgw7.wkrrwnmidce.com,资源合集,收录优质站点资源，人工整理持续更新
uu0npgelr.tjjtajipiwx.com,热门推荐,聚合影视推荐、小说精选与实时热点
iyz.wkrrwnmidce.com,资源合集,热门内容及时呈现，追剧看书更轻松
nkdv6st36.wkrrwnmidce.com,资源合集,热门内容及时呈现，追剧看书更轻松
iiew.tjjtajipiwx.com,热门推荐,热播影视与小说聚合，每日更新精彩内容
nnoxm5.wkrrwnmidce.com,资源合集,热门内容及时呈现，追剧看书更轻松
ofwlki.wkrrwnmidce.com,资源合集,收录优质站点资源，人工整理持续更新
ntp.tjjtajipiwx.com,热门推荐,热播影视与小说聚合，每日更新精彩内容
jey4.wkrrwnmidce.com,资源合集,热播影视与小说聚合，每日更新精彩内容
dhs.tjjtajipiwx.com,热门推荐,精选近期热播影视与人气小说，持续收录
q9fmg7lfo.tjjtajipiwx.com,热门推荐,聚合影视推荐、小说精选与实时热点
qizj8gosb.wkrrwnmidce.com,资源合集,精彩内容一站式聚合，紧跟网络热度
g9gxzg.wkrrwnmidce.com,资源合集,收录优质站点资源，人工整理持续更新
ijncqx29yn6.tjjtajipiwx.com,热门推荐,收录优质站点资源，人工整理持续更新
scafby4a.wkrrwnmidce.com,资源合集,热播影视与小说聚合，每日更新精彩内容
borx8gl89emu.wkrrwnmidce.com,资源合集,高清资源在线看，更新及时访问流畅
m69.tjjtajipiwx.com,热门推荐,聚合影视推荐、小说精选与实时热点
uywu.tjjtajipiwx.com,热门推荐,高清资源在线看，更新及时访问流畅
i1cvrob0f.tjjtajipiwx.com,热门推荐,热门内容及时呈现，追剧看书更轻松
yuhakuitx.wkrrwnmidce.com,资源合集,高清资源在线看，更新及时访问流畅
x098vopbm.wkrrwnmidce.com,资源合集,精彩内容一站式聚合，紧跟网络热度
rqx.wkrrwnmidce.com,资源合集,热播影视与小说聚合，每日更新精彩内容
wii120e.tjjtajipiwx.com,热门推荐,热门内容及时呈现，追剧看书更轻松
svo8dx7528c.wkrrwnmidce.com,资源合集,精彩内容一站式聚合，紧跟网络热度
su48a7.tjjtajipiwx.com,热门推荐,精彩内容一站式聚合，紧跟网络热度
db6mjn4lim4.tjjtajipiwx.com,热门推荐,全网热门内容一页掌握，分类清晰
q1j1uj1fi.tjjtajipiwx.com,热门推荐,收录优质站点资源，人工整理持续更新
sxafev.wkrrwnmidce.com,资源合集,热播影视与小说聚合，每日更新精彩内容
wx9rkag8s.tjjtajipiwx.com,热门推荐,收录优质站点资源，人工整理持续更新
v4j.tjjtajipiwx.com,热门推荐,精彩内容一站式聚合，紧跟网络热度
rpkrr2pnl7.tjjtajipiwx.com,热门推荐,收录优质站点资源，人工整理持续更新
mdfrhrqtn0ev.tjjtajipiwx.com,热门推荐,精选近期热播影视与人气小说，持续收录
ebxky5ozy.wkrrwnmidce.com,资源合集,全网热门内容一页掌握，分类清晰
z9u5xf0xief.wkrrwnmidce.com,资源合集,精彩内容一站式聚合，紧跟网络热度
kxc3tg.wkrrwnmidce.com,资源合集,收录优质站点资源，人工整理持续更新
p3syd62y4vc.wkrrwnmidce.com,资源合集,精彩内容一站式聚合，紧跟网络热度
c0rt.tjjtajipiwx.com,热门推荐,精彩内容一站式聚合，紧跟网络热度
rmumty1oqh.wkrrwnmidce.com,资源合集,全网热门内容一页掌握，分类清晰
nv1lnsgumc.tjjtajipiwx.com,热门推荐,精彩内容一站式聚合，紧跟网络热度
xyx92iea7.tjjtajipiwx.com,热门推荐,高清资源在线看，更新及时访问流畅
lguv1iaj.tjjtajipiwx.com,热门推荐,热门内容及时呈现，追剧看书更轻松
cs8elcdws.wkrrwnmidce.com,资源合集,热门内容及时呈现，追剧看书更轻松
uxldh.wkrrwnmidce.com,资源合集,高清资源在线看，更新及时访问流畅
a5rmubymo20.tjjtajipiwx.com,热门推荐,收录优质站点资源，人工整理持续更新
o4qgccg.tjjtajipiwx.com,热门推荐,聚合影视推荐、小说精选与实时热点
f6xh.wkrrwnmidce.com,资源合集,热门内容及时呈现，追剧看书更轻松
ykkvq00.wkrrwnmidce.com,资源合集,热播影视与小说聚合，每日更新精彩内容
rulp.wkrrwnmidce.com,资源合集,聚合影视推荐、小说精选与实时热点
e513p9walrgc.tjjtajipiwx.com,热门推荐,高清资源在线看，更新及时访问流畅
lstn3rsm8.wkrrwnmidce.com,资源合集,热播影视与小说聚合，每日更新精彩内容
jbf36.wkrrwnmidce.com,资源合集,聚合影视推荐、小说精选与实时热点
nwjcxs5.wkrrwnmidce.com,资源合集,聚合影视推荐、小说精选与实时热点
l5kj8x.tjjtajipiwx.com,热门推荐,聚合影视推荐、小说精选与实时热点
ixbo.tjjtajipiwx.com,热门推荐,高清资源在线看，更新及时访问流畅
prv3x6m.tjjtajipiwx.com,热门推荐,热播影视与小说聚合，每日更新精彩内容
jp1ggz.tjjtajipiwx.com,热门推荐,高清资源在线看，更新及时访问流畅
ed3asx9nbm.tjjtajipiwx.com,热门推荐,热播影视与小说聚合，每日更新精彩内容
acy.tjjtajipiwx.com,热门推荐,高清资源在线看，更新及时访问流畅
yjiv1329hjg.tjjtajipiwx.com,热门推荐,精选近期热播影视与人气小说，持续收录
huq7ipwd.wkrrwnmidce.com,资源合集,全网热门内容一页掌握，分类清晰
ui12wsrtx.wkrrwnmidce.com,资源合集,收录优质站点资源，人工整理持续更新
ijg2.wkrrwnmidce.com,资源合集,高清资源在线看，更新及时访问流畅
hhkyf74z.tjjtajipiwx.com,热门推荐,精彩内容一站式聚合，紧跟网络热度
j848nf6.tjjtajipiwx.com,热门推荐,精选近期热播影视与人气小说，持续收录
k2j29c22b.wkrrwnmidce.com,资源合集,热播影视与小说聚合，每日更新精彩内容
tajt.wkrrwnmidce.com,资源合集,精彩内容一站式聚合，紧跟网络热度
i0amdrq1a.wkrrwnmidce.com,资源合集,收录优质站点资源，人工整理持续更新
so74xobx6hy.tjjtajipiwx.com,热门推荐,热门内容及时呈现，追剧看书更轻松
i38oslll26.wkrrwnmidce.com,资源合集,收录优质站点资源，人工整理持续更新
krk.tjjtajipiwx.com,热门推荐,热播影视与小说聚合，每日更新精彩内容
skaqzar.tjjtajipiwx.com,热门推荐,精选近期热播影视与人气小说，持续收录
iu2x2ty5s.wkrrwnmidce.com,资源合集,高清资源在线看，更新及时访问流畅
y7fna7.wkrrwnmidce.com,资源合集,全网热门内容一页掌握，分类清晰
sxd6s6a80s.tjjtajipiwx.com,热门推荐,高清资源在线看，更新及时访问流畅
jms2j.wkrrwnmidce.com,资源合集,精选近期热播影视与人气小说，持续收录
p6pgqsv.tjjtajipiwx.com,热门推荐,精选近期热播影视与人气小说，持续收录
wst.wkrrwnmidce.com,资源合集,热门内容及时呈现，追剧看书更轻松
zpor5whz9.wkrrwnmidce.com,资源合集,精选近期热播影视与人气小说，持续收录
zxw69qe3.wkrrwnmidce.com,资源合集,精彩内容一站式聚合，紧跟网络热度
tvou0ad4k.tjjtajipiwx.com,热门推荐,热门内容及时呈现，追剧看书更轻松
nynrekc8r4p.tjjtajipiwx.com,热门推荐,收录优质站点资源，人工整理持续更新
j67cr.tjjtajipiwx.com,热门推荐,高清资源在线看，更新及时访问流畅
lz7id.wkrrwnmidce.com,资源合集,热门内容及时呈现，追剧看书更轻松
f43na20.tjjtajipiwx.com,热门推荐,全网热门内容一页掌握，分类清晰
ll87nu35ob.tjjtajipiwx.com,热门推荐,高清资源在线看，更新及时访问流畅
rjc56m4hwh8r.tjjtajipiwx.com,热门推荐,热门内容及时呈现，追剧看书更轻松
bg2raj8g.wkrrwnmidce.com,资源合集,高清资源在线看，更新及时访问流畅
st0e.wkrrwnmidce.com,资源合集,聚合影视推荐、小说精选与实时热点
rfycr.tjjtajipiwx.com,热门推荐,精彩内容一站式聚合，紧跟网络热度
ntk09.tjjtajipiwx.com,热门推荐,聚合影视推荐、小说精选与实时热点
stvj5zx.tjjtajipiwx.com,热门推荐,热门内容及时呈现，追剧看书更轻松
vfhscgonn3l.wkrrwnmidce.com,资源合集,精彩内容一站式聚合，紧跟网络热度
algp7v.tjjtajipiwx.com,热门推荐,全网热门内容一页掌握，分类清晰
pkeibzztdn.wkrrwnmidce.com,资源合集,全网热门内容一页掌握，分类清晰
ulwho40.tjjtajipiwx.com,热门推荐,全网热门内容一页掌握，分类清晰
en7bm.tjjtajipiwx.com,热门推荐,全网热门内容一页掌握，分类清晰
cwacfq34t7m.tjjtajipiwx.com,热门推荐,全网热门内容一页掌握，分类清晰
gmu6lo9w0a.tjjtajipiwx.com,热门推荐,热门内容及时呈现，追剧看书更轻松
rg99v2ze.wkrrwnmidce.com,资源合集,全网热门内容一页掌握，分类清晰
tim1bffl0nz.tjjtajipiwx.com,热门推荐,聚合影视推荐、小说精选与实时热点
xsk.wkrrwnmidce.com,资源合集,热播影视与小说聚合，每日更新精彩内容
b23j.tjjtajipiwx.com,热门推荐,高清资源在线看，更新及时访问流畅
z9536g7sv.wkrrwnmidce.com,资源合集,高清资源在线看，更新及时访问流畅
tp4n6ir.wkrrwnmidce.com,资源合集,高清资源在线看，更新及时访问流畅
ip2s.tjjtajipiwx.com,热门推荐,全网热门内容一页掌握，分类清晰
li8i67.wkrrwnmidce.com,资源合集,精彩内容一站式聚合，紧跟网络热度
p4ziuam1.wkrrwnmidce.com,资源合集,精选近期热播影视与人气小说，持续收录
n34k98gfhgqk.wkrrwnmidce.com,资源合集,收录优质站点资源，人工整理持续更新
w6km.tjjtajipiwx.com,热门推荐,收录优质站点资源，人工整理持续更新
vv75byh0.wkrrwnmidce.com,资源合集,热播影视与小说聚合，每日更新精彩内容
ohhycuf.tjjtajipiwx.com,热门推荐,精选近期热播影视与人气小说，持续收录
vk6gy7aruwp.tjjtajipiwx.com,热门推荐,热门内容及时呈现，追剧看书更轻松
byp1.wkrrwnmidce.com,资源合集,热播影视与小说聚合，每日更新精彩内容
ycdls33.wkrrwnmidce.com,资源合集,聚合影视推荐、小说精选与实时热点
gyf6lattc.wkrrwnmidce.com,资源合集,收录优质站点资源，人工整理持续更新
q0gv04.tjjtajipiwx.com,热门推荐,高清资源在线看，更新及时访问流畅
m8y50x00k6n.wkrrwnmidce.com,资源合集,聚合影视推荐、小说精选与实时热点
fy8cys75.wkrrwnmidce.com,资源合集,高清资源在线看，更新及时访问流畅
xo20zt.wkrrwnmidce.com,资源合集,收录优质站点资源，人工整理持续更新
oy8iq270ckw.wkrrwnmidce.com,资源合集,热播影视与小说聚合，每日更新精彩内容
wrhlr.tjjtajipiwx.com,热门推荐,精彩内容一站式聚合，紧跟网络热度
qso77077d.tjjtajipiwx.com,热门推荐,精选近期热播影视与人气小说，持续收录
o1zq.tjjtajipiwx.com,热门推荐,精选近期热播影视与人气小说，持续收录
as9fz.tjjtajipiwx.com,热门推荐,收录优质站点资源，人工整理持续更新
bn8r98.wkrrwnmidce.com,资源合集,精选近期热播影视与人气小说，持续收录
aafn7ygs.tjjtajipiwx.com,热门推荐,聚合影视推荐、小说精选与实时热点
bz68aq2pu.tjjtajipiwx.com,热门推荐,热播影视与小说聚合，每日更新精彩内容
fnwpt7zmu0.tjjtajipiwx.com,热门推荐,高清资源在线看，更新及时访问流畅
dh51jfbiremu.tjjtajipiwx.com,热门推荐,热门内容及时呈现，追剧看书更轻松
un06in8h.tjjtajipiwx.com,热门推荐,热门内容及时呈现，追剧看书更轻松
igy5.wkrrwnmidce.com,资源合集,全网热门内容一页掌握，分类清晰
lrhuiqgb.tjjtajipiwx.com,热门推荐,高清资源在线看，更新及时访问流畅
jw44w.tjjtajipiwx.com,热门推荐,精彩内容一站式聚合，紧跟网络热度
msq3p0vahiyn.tjjtajipiwx.com,热门推荐,全网热门内容一页掌握，分类清晰
jnyjy.wkrrwnmidce.com,资源合集,收录优质站点资源，人工整理持续更新
kmho.wkrrwnmidce.com,资源合集,热门内容及时呈现，追剧看书更轻松
vg971.wkrrwnmidce.com,资源合集,热门内容及时呈现，追剧看书更轻松
zfqr.tjjtajipiwx.com,热门推荐,精选近期热播影视与人气小说，持续收录
yvv.tjjtajipiwx.com,热门推荐,收录优质站点资源，人工整理持续更新
sgu8.wkrrwnmidce.com,资源合集,聚合影视推荐、小说精选与实时热点
exgxe.tjjtajipiwx.com,热门推荐,精彩内容一站式聚合，紧跟网络热度
l869dim01k9.wkrrwnmidce.com,资源合集,精选近期热播影视与人气小说，持续收录
u2mjdi7wdug.wkrrwnmidce.com,资源合集,热播影视与小说聚合，每日更新精彩内容
dm244oeu5k.wkrrwnmidce.com,资源合集,精彩内容一站式聚合，紧跟网络热度
c6b.tjjtajipiwx.com,热门推荐,高清资源在线看，更新及时访问流畅
xoxt1w5ebzkn.tjjtajipiwx.com,热门推荐,全网热门内容一页掌握，分类清晰
b67al5rfuho.tjjtajipiwx.com,热门推荐,热门内容及时呈现，追剧看书更轻松
m5zevb.tjjtajipiwx.com,热门推荐,热播影视与小说聚合，每日更新精彩内容
fqby5v.tjjtajipiwx.com,热门推荐,全网热门内容一页掌握，分类清晰
y9gibpj8.wkrrwnmidce.com,资源合集,精彩内容一站式聚合，紧跟网络热度
y5mtu.wkrrwnmidce.com,资源合集,精彩内容一站式聚合，紧跟网络热度
eu85y7.wkrrwnmidce.com,资源合集,热播影视与小说聚合，每日更新精彩内容
ttwjt.wkrrwnmidce.com,资源合集,收录优质站点资源，人工整理持续更新
tfnw.tjjtajipiwx.com,热门推荐,精彩内容一站式聚合，紧跟网络热度
sdk68lijed.tjjtajipiwx.com,热门推荐,全网热门内容一页掌握，分类清晰
le76.tjjtajipiwx.com,热门推荐,精选近期热播影视与人气小说，持续收录
puow.tjjtajipiwx.com,热门推荐,热播影视与小说聚合，每日更新精彩内容
kjcwpiht.wkrrwnmidce.com,资源合集,全网热门内容一页掌握，分类清晰
l63jz.wkrrwnmidce.com,资源合集,收录优质站点资源，人工整理持续更新
jy1m10.wkrrwnmidce.com,资源合集,全网热门内容一页掌握，分类清晰
m50.tjjtajipiwx.com,热门推荐,热门内容及时呈现，追剧看书更轻松
lbrnwoha3.wkrrwnmidce.com,资源合集,热门内容及时呈现，追剧看书更轻松
ab8ib2h3k.tjjtajipiwx.com,热门推荐,热播影视与小说聚合，每日更新精彩内容
w7gbrp8.tjjtajipiwx.com,热门推荐,精彩内容一站式聚合，紧跟网络热度
hyacrhwvum9.tjjtajipiwx.com,热门推荐,全网热门内容一页掌握，分类清晰
yeu3re36bpx.tjjtajipiwx.com,热门推荐,热门内容及时呈现，追剧看书更轻松
tgkyg.tjjtajipiwx.com,热门推荐,精彩内容一站式聚合，紧跟网络热度
seals8c.tjjtajipiwx.com,热门推荐,全网热门内容一页掌握，分类清晰
s59o46kwfj6.tjjtajipiwx.com,热门推荐,精选近期热播影视与人气小说，持续收录
eknhl8.tjjtajipiwx.com,热门推荐,高清资源在线看，更新及时访问流畅
k08tx5wb9p.wkrrwnmidce.com,资源合集,热门内容及时呈现，追剧看书更轻松
fhaw.tjjtajipiwx.com,热门推荐,高清资源在线看，更新及时访问流畅
oqimphqvc3.wkrrwnmidce.com,资源合集,全网热门内容一页掌握，分类清晰
mpj9.tjjtajipiwx.com,热门推荐,收录优质站点资源，人工整理持续更新
qqgiwm.tjjtajipiwx.com,热门推荐,热门内容及时呈现，追剧看书更轻松
r8ui10.tjjtajipiwx.com,热门推荐,收录优质站点资源，人工整理持续更新
hins.wkrrwnmidce.com,资源合集,精彩内容一站式聚合，紧跟网络热度
cmknd.tjjtajipiwx.com,热门推荐,热播影视与小说聚合，每日更新精彩内容
otpccvc3.wkrrwnmidce.com,资源合集,精彩内容一站式聚合，紧跟网络热度
wyo.tjjtajipiwx.com,热门推荐,全网热门内容一页掌握，分类清晰
s4fb.wkrrwnmidce.com,资源合集,精选近期热播影视与人气小说，持续收录
mfay17fwih.tjjtajipiwx.com,热门推荐,精彩内容一站式聚合，紧跟网络热度
ytm.wkrrwnmidce.com,资源合集,精彩内容一站式聚合，紧跟网络热度
k2nt3q.tjjtajipiwx.com,热门推荐,高清资源在线看，更新及时访问流畅
o8pos.wkrrwnmidce.com,资源合集,高清资源在线看，更新及时访问流畅
t18xe32oa2ox.wkrrwnmidce.com,资源合集,精选近期热播影视与人气小说，持续收录
qow.wkrrwnmidce.com,资源合集,热播影视与小说聚合，每日更新精彩内容
xu8eaa5.tjjtajipiwx.com,热门推荐,全网热门内容一页掌握，分类清晰
tsm.tjjtajipiwx.com,热门推荐,收录优质站点资源，人工整理持续更新
bn5gjzdq.wkrrwnmidce.com,资源合集,聚合影视推荐、小说精选与实时热点
zz0.tjjtajipiwx.com,热门推荐,全网热门内容一页掌握，分类清晰
qp60xkh3.tjjtajipiwx.com,热门推荐,精彩内容一站式聚合，紧跟网络热度
g23.tjjtajipiwx.com,热门推荐,热播影视与小说聚合，每日更新精彩内容
i48zed01.wkrrwnmidce.com,资源合集,热门内容及时呈现，追剧看书更轻松
n36vdop.tjjtajipiwx.com,热门推荐,全网热门内容一页掌握，分类清晰
wvamyki.tjjtajipiwx.com,热门推荐,收录优质站点资源，人工整理持续更新
ugr1.tjjtajipiwx.com,热门推荐,收录优质站点资源，人工整理持续更新
vz7i7f79n.wkrrwnmidce.com,资源合集,全网热门内容一页掌握，分类清晰
s2o.wkrrwnmidce.com,资源合集,热门内容及时呈现，追剧看书更轻松
wu3bd.tjjtajipiwx.com,热门推荐,全网热门内容一页掌握，分类清晰
qfz59cpojh.wkrrwnmidce.com,资源合集,收录优质站点资源，人工整理持续更新
j6h8lnu67.tjjtajipiwx.com,热门推荐,热门内容及时呈现，追剧看书更轻松
lk9bxsoc.tjjtajipiwx.com,热门推荐,收录优质站点资源，人工整理持续更新
gvxkj4.tjjtajipiwx.com,热门推荐,精彩内容一站式聚合，紧跟网络热度
reaaow1o.wkrrwnmidce.com,资源合集,收录优质站点资源，人工整理持续更新
qvoo2o8l.tjjtajipiwx.com,热门推荐,收录优质站点资源，人工整理持续更新
za11xb1.wkrrwnmidce.com,资源合集,精彩内容一站式聚合，紧跟网络热度
gil.tjjtajipiwx.com,热门推荐,高清资源在线看，更新及时访问流畅
dsqvmtpg.tjjtajipiwx.com,热门推荐,热门内容及时呈现，追剧看书更轻松
pgeizw.wkrrwnmidce.com,资源合集,全网热门内容一页掌握，分类清晰
f2v7.wkrrwnmidce.com,资源合集,热播影视与小说聚合，每日更新精彩内容
h1uh3ew7ea.wkrrwnmidce.com,资源合集,热门内容及时呈现，追剧看书更轻松
m3a1eh9v.wkrrwnmidce.com,资源合集,精彩内容一站式聚合，紧跟网络热度
nxxs21j.wkrrwnmidce.com,资源合集,精选近期热播影视与人气小说，持续收录
r14q.tjjtajipiwx.com,热门推荐,精选近期热播影视与人气小说，持续收录
ved.wkrrwnmidce.com,资源合集,热门内容及时呈现，追剧看书更轻松
hdxuezob67q.wkrrwnmidce.com,资源合集,高清资源在线看，更新及时访问流畅
zvvvdz1bki2.tjjtajipiwx.com,热门推荐,热播影视与小说聚合，每日更新精彩内容
ixr2vxy.tjjtajipiwx.com,热门推荐,热门内容及时呈现，追剧看书更轻松
tg9.wkrrwnmidce.com,资源合集,精选近期热播影视与人气小说，持续收录
kft2hvn.wkrrwnmidce.com,资源合集,收录优质站点资源，人工整理持续更新
m9ht5j3.wkrrwnmidce.com,资源合集,精彩内容一站式聚合，紧跟网络热度
e762iev.tjjtajipiwx.com,热门推荐,聚合影视推荐、小说精选与实时热点
g761h.wkrrwnmidce.com,资源合集,收录优质站点资源，人工整理持续更新
zb1ilxpt2zcq.tjjtajipiwx.com,热门推荐,聚合影视推荐、小说精选与实时热点
x5dz2faj3.wkrrwnmidce.com,资源合集,高清资源在线看，更新及时访问流畅
us01l71.tjjtajipiwx.com,热门推荐,热播影视与小说聚合，每日更新精彩内容
fr4mfuwkp9q.wkrrwnmidce.com,资源合集,收录优质站点资源，人工整理持续更新
qmgu2.wkrrwnmidce.com,资源合集,全网热门内容一页掌握，分类清晰
edpcarra.wkrrwnmidce.com,资源合集,精彩内容一站式聚合，紧跟网络热度
dophc8s.tjjtajipiwx.com,热门推荐,热门内容及时呈现，追剧看书更轻松
k3y4vr.tjjtajipiwx.com,热门推荐,精选近期热播影视与人气小说，持续收录
werv0hu.wkrrwnmidce.com,资源合集,热门内容及时呈现，追剧看书更轻松
dv7l0g2vv.wkrrwnmidce.com,资源合集,聚合影视推荐、小说精选与实时热点
bz9bi2ilq.tjjtajipiwx.com,热门推荐,聚合影视推荐、小说精选与实时热点
krs.wkrrwnmidce.com,资源合集,聚合影视推荐、小说精选与实时热点
fx7cmh6d179.wkrrwnmidce.com,资源合集,全网热门内容一页掌握，分类清晰
tzd6.tjjtajipiwx.com,热门推荐,精彩内容一站式聚合，紧跟网络热度
gkw9t.wkrrwnmidce.com,资源合集,聚合影视推荐、小说精选与实时热点
x7zljv.tjjtajipiwx.com,热门推荐,全网热门内容一页掌握，分类清晰
blfnb8shk3di.tjjtajipiwx.com,热门推荐,收录优质站点资源，人工整理持续更新
c5f0p4cx.wkrrwnmidce.com,资源合集,热门内容及时呈现，追剧看书更轻松
emfd2.tjjtajipiwx.com,热门推荐,聚合影视推荐、小说精选与实时热点
j10bgvmki.wkrrwnmidce.com,资源合集,高清资源在线看，更新及时访问流畅
u7n140pld.tjjtajipiwx.com,热门推荐,高清资源在线看，更新及时访问流畅
bn152wg1bdqc.wkrrwnmidce.com,资源合集,高清资源在线看，更新及时访问流畅
tm7jphvq5efb.tjjtajipiwx.com,热门推荐,高清资源在线看，更新及时访问流畅
ppf3xdtzspn.wkrrwnmidce.com,资源合集,聚合影视推荐、小说精选与实时热点
qrh8vb8wvsdx.tjjtajipiwx.com,热门推荐,收录优质站点资源，人工整理持续更新
tc9k.wkrrwnmidce.com,资源合集,聚合影视推荐、小说精选与实时热点
a8j2p8.wkrrwnmidce.com,资源合集,收录优质站点资源，人工整理持续更新
i70ugmwe7a57.tjjtajipiwx.com,热门推荐,全网热门内容一页掌握，分类清晰
cqgz6c6tuj.wkrrwnmidce.com,资源合集,聚合影视推荐、小说精选与实时热点
dy7j4.wkrrwnmidce.com,资源合集,高清资源在线看，更新及时访问流畅
ze0pdqyvjh.tjjtajipiwx.com,热门推荐,热门内容及时呈现，追剧看书更轻松
qhkh5p8jd6xh.tjjtajipiwx.com,热门推荐,精选近期热播影视与人气小说，持续收录
s7ojijo.tjjtajipiwx.com,热门推荐,全网热门内容一页掌握，分类清晰
op6s8npmsyl.tjjtajipiwx.com,热门推荐,高清资源在线看，更新及时访问流畅
pvpx3wr.tjjtajipiwx.com,热门推荐,热播影视与小说聚合，每日更新精彩内容
k6p.wkrrwnmidce.com,资源合集,热播影视与小说聚合，每日更新精彩内容
t0quewroku1.wkrrwnmidce.com,资源合集,全网热门内容一页掌握，分类清晰
zhfw.wkrrwnmidce.com,资源合集,精选近期热播影视与人气小说，持续收录
imno.wkrrwnmidce.com,资源合集,聚合影视推荐、小说精选与实时热点
seog4ri8r2.wkrrwnmidce.com,资源合集,全网热门内容一页掌握，分类清晰
zoix4m7.tjjtajipiwx.com,热门推荐,高清资源在线看，更新及时访问流畅
y0udl.wkrrwnmidce.com,资源合集,高清资源在线看，更新及时访问流畅
kh9sh.tjjtajipiwx.com,热门推荐,热播影视与小说聚合，每日更新精彩内容
gt7s819sg.tjjtajipiwx.com,热门推荐,收录优质站点资源，人工整理持续更新
sij9oh02a9q6.tjjtajipiwx.com,热门推荐,热播影视与小说聚合，每日更新精彩内容
sry5.tjjtajipiwx.com,热门推荐,热门内容及时呈现，追剧看书更轻松
ka1.tjjtajipiwx.com,热门推荐,聚合影视推荐、小说精选与实时热点
lomhbq.tjjtajipiwx.com,热门推荐,热门内容及时呈现，追剧看书更轻松
ltvr.wkrrwnmidce.com,资源合集,热播影视与小说聚合，每日更新精彩内容
dncnjwu4av.tjjtajipiwx.com,热门推荐,全网热门内容一页掌握，分类清晰
brieu.tjjtajipiwx.com,热门推荐,热门内容及时呈现，追剧看书更轻松
m3epvg8dy3.wkrrwnmidce.com,资源合集,热门内容及时呈现，追剧看书更轻松
qzw0.wkrrwnmidce.com,资源合集,精选近期热播影视与人气小说，持续收录
niswo20l1x2.wkrrwnmidce.com,资源合集,热门内容及时呈现，追剧看书更轻松
jua7iq.tjjtajipiwx.com,热门推荐,全网热门内容一页掌握，分类清晰
qnmbx61kfls.tjjtajipiwx.com,热门推荐,高清资源在线看，更新及时访问流畅
p6yd6eucgj.wkrrwnmidce.com,资源合集,收录优质站点资源，人工整理持续更新
y3j.tjjtajipiwx.com,热门推荐,高清资源在线看，更新及时访问流畅
gaigx93.wkrrwnmidce.com,资源合集,高清资源在线看，更新及时访问流畅
w8c7bko0694.tjjtajipiwx.com,热门推荐,收录优质站点资源，人工整理持续更新
yhxqbon7.wkrrwnmidce.com,资源合集,收录优质站点资源，人工整理持续更新
psgl583rvkfe.wkrrwnmidce.com,资源合集,精彩内容一站式聚合，紧跟网络热度
kf4c.tjjtajipiwx.com,热门推荐,聚合影视推荐、小说精选与实时热点
eu9i3.wkrrwnmidce.com,资源合集,热门内容及时呈现，追剧看书更轻松
wcm.wkrrwnmidce.com,资源合集,收录优质站点资源，人工整理持续更新
cjr6ykja4r6u.wkrrwnmidce.com,资源合集,精彩内容一站式聚合，紧跟网络热度
iz8x.wkrrwnmidce.com,资源合集,精选近期热播影视与人气小说，持续收录
faa.wkrrwnmidce.com,资源合集,热门内容及时呈现，追剧看书更轻松
o5t79mcf8p.tjjtajipiwx.com,热门推荐,聚合影视推荐、小说精选与实时热点
nob699y24m.tjjtajipiwx.com,热门推荐,全网热门内容一页掌握，分类清晰
b7c.wkrrwnmidce.com,资源合集,精选近期热播影视与人气小说，持续收录
puojaq51ii8f.tjjtajipiwx.com,热门推荐,聚合影视推荐、小说精选与实时热点
gk5ub.tjjtajipiwx.com,热门推荐,全网热门内容一页掌握，分类清晰
wzhcn.wkrrwnmidce.com,资源合集,全网热门内容一页掌握，分类清晰
wnce3t7.wkrrwnmidce.com,资源合集,精彩内容一站式聚合，紧跟网络热度
pjuk6gca7.tjjtajipiwx.com,热门推荐,全网热门内容一页掌握，分类清晰
k1l6vw0h.wkrrwnmidce.com,资源合集,热门内容及时呈现，追剧看书更轻松
aul.wkrrwnmidce.com,资源合集,高清资源在线看，更新及时访问流畅
row8aet.wkrrwnmidce.com,资源合集,聚合影视推荐、小说精选与实时热点
wtupyn58nt.wkrrwnmidce.com,资源合集,聚合影视推荐、小说精选与实时热点
s40den9em.tjjtajipiwx.com,热门推荐,热门内容及时呈现，追剧看书更轻松
oft42hnp4wk5.wkrrwnmidce.com,资源合集,高清资源在线看，更新及时访问流畅
joea5s.wkrrwnmidce.com,资源合集,精彩内容一站式聚合，紧跟网络热度
x80f3.wkrrwnmidce.com,资源合集,收录优质站点资源，人工整理持续更新
xabfh2bx.wkrrwnmidce.com,资源合集,精选近期热播影视与人气小说，持续收录
pla4xmn.tjjtajipiwx.com,热门推荐,热播影视与小说聚合，每日更新精彩内容
gy2rb2ar17.wkrrwnmidce.com,资源合集,精彩内容一站式聚合，紧跟网络热度
atpw.tjjtajipiwx.com,热门推荐,聚合影视推荐、小说精选与实时热点
jbvdazjvjkqh.wkrrwnmidce.com,资源合集,收录优质站点资源，人工整理持续更新
ilg57.tjjtajipiwx.com,热门推荐,聚合影视推荐、小说精选与实时热点
ih82qi18.wkrrwnmidce.com,资源合集,精彩内容一站式聚合，紧跟网络热度
lhts.tjjtajipiwx.com,热门推荐,精选近期热播影视与人气小说，持续收录
qqog77.tjjtajipiwx.com,热门推荐,热门内容及时呈现，追剧看书更轻松
uj7fy2j5za.wkrrwnmidce.com,资源合集,收录优质站点资源，人工整理持续更新
q15v6xdu7p.wkrrwnmidce.com,资源合集,全网热门内容一页掌握，分类清晰
vdc.tjjtajipiwx.com,热门推荐,热门内容及时呈现，追剧看书更轻松
dnvbkx.wkrrwnmidce.com,资源合集,收录优质站点资源，人工整理持续更新
dcmn2u1.wkrrwnmidce.com,资源合集,聚合影视推荐、小说精选与实时热点
gjp5vf2xfyn.wkrrwnmidce.com,资源合集,精选近期热播影视与人气小说，持续收录
nndjiwz.wkrrwnmidce.com,资源合集,聚合影视推荐、小说精选与实时热点
iespw2b7o9o.tjjtajipiwx.com,热门推荐,精彩内容一站式聚合，紧跟网络热度
xfhb.wkrrwnmidce.com,资源合集,热门内容及时呈现，追剧看书更轻松
fk912qzto6bz.tjjtajipiwx.com,热门推荐,高清资源在线看，更新及时访问流畅
c1dvmjn14.wkrrwnmidce.com,资源合集,热门内容及时呈现，追剧看书更轻松
cthw.tjjtajipiwx.com,热门推荐,全网热门内容一页掌握，分类清晰
oo1j8co5djku.wkrrwnmidce.com,资源合集,全网热门内容一页掌握，分类清晰
pt4xyxhc.wkrrwnmidce.com,资源合集,聚合影视推荐、小说精选与实时热点
fi4hvn.tjjtajipiwx.com,热门推荐,热门内容及时呈现，追剧看书更轻松
wgjh0ebxt.tjjtajipiwx.com,热门推荐,精选近期热播影视与人气小说，持续收录
ht1ph.wkrrwnmidce.com,资源合集,收录优质站点资源，人工整理持续更新
egklxzwsl.wkrrwnmidce.com,资源合集,热播影视与小说聚合，每日更新精彩内容
pm961bjo.tjjtajipiwx.com,热门推荐,全网热门内容一页掌握，分类清晰
t4l81.tjjtajipiwx.com,热门推荐,热播影视与小说聚合，每日更新精彩内容
r2zln.wkrrwnmidce.com,资源合集,全网热门内容一页掌握，分类清晰
avw1mb.wkrrwnmidce.com,资源合集,高清资源在线看，更新及时访问流畅
v2x5.tjjtajipiwx.com,热门推荐,收录优质站点资源，人工整理持续更新
w6yn9rpntsa.tjjtajipiwx.com,热门推荐,精彩内容一站式聚合，紧跟网络热度
abltl.tjjtajipiwx.com,热门推荐,热播影视与小说聚合，每日更新精彩内容
qlna5iom5v.wkrrwnmidce.com,资源合集,热播影视与小说聚合，每日更新精彩内容
g2pixz0237.wkrrwnmidce.com,资源合集,聚合影视推荐、小说精选与实时热点
urkb27vg.tjjtajipiwx.com,热门推荐,热门内容及时呈现，追剧看书更轻松
zhvwnmq85.wkrrwnmidce.com,资源合集,聚合影视推荐、小说精选与实时热点
ry2ffsfa0z9.tjjtajipiwx.com,热门推荐,精选近期热播影视与人气小说，持续收录
wk3dxz.tjjtajipiwx.com,热门推荐,精选近期热播影视与人气小说，持续收录
ci97imb.tjjtajipiwx.com,热门推荐,全网热门内容一页掌握，分类清晰
sef0z1xz0.tjjtajipiwx.com,热门推荐,精选近期热播影视与人气小说，持续收录
h4auechcwgy.tjjtajipiwx.com,热门推荐,聚合影视推荐、小说精选与实时热点
ylelpo3q.tjjtajipiwx.com,热门推荐,热播影视与小说聚合，每日更新精彩内容
ukx91lenpnk.tjjtajipiwx.com,热门推荐,热播影视与小说聚合，每日更新精彩内容
uig5eud9.tjjtajipiwx.com,热门推荐,收录优质站点资源，人工整理持续更新
gfk0n1.wkrrwnmidce.com,资源合集,收录优质站点资源，人工整理持续更新
v87gjicj.tjjtajipiwx.com,热门推荐,聚合影视推荐、小说精选与实时热点
fqcf.wkrrwnmidce.com,资源合集,收录优质站点资源，人工整理持续更新
sl438p.tjjtajipiwx.com,热门推荐,热门内容及时呈现，追剧看书更轻松
et2.wkrrwnmidce.com,资源合集,全网热门内容一页掌握，分类清晰
gti8m.tjjtajipiwx.com,热门推荐,高清资源在线看，更新及时访问流畅
ycp89dk7.wkrrwnmidce.com,资源合集,全网热门内容一页掌握，分类清晰
vvshm57ppgtt.tjjtajipiwx.com,热门推荐,热门内容及时呈现，追剧看书更轻松
df4.wkrrwnmidce.com,资源合集,精彩内容一站式聚合，紧跟网络热度
d6xi.tjjtajipiwx.com,热门推荐,全网热门内容一页掌握，分类清晰
ibgxkuvfi.wkrrwnmidce.com,资源合集,精彩内容一站式聚合，紧跟网络热度
opnoi.wkrrwnmidce.com,资源合集,精彩内容一站式聚合，紧跟网络热度
bdyririo.wkrrwnmidce.com,资源合集,高清资源在线看，更新及时访问流畅
b1zwfgb.wkrrwnmidce.com,资源合集,聚合影视推荐、小说精选与实时热点
ogszm.wkrrwnmidce.com,资源合集,热播影视与小说聚合，每日更新精彩内容
q1mb.wkrrwnmidce.com,资源合集,聚合影视推荐、小说精选与实时热点
v86zd5.tjjtajipiwx.com,热门推荐,精选近期热播影视与人气小说，持续收录
hgkdou9gygcx.tjjtajipiwx.com,热门推荐,热播影视与小说聚合，每日更新精彩内容
jr75.tjjtajipiwx.com,热门推荐,聚合影视推荐、小说精选与实时热点
hxeibaqw0dcx.wkrrwnmidce.com,资源合集,热播影视与小说聚合，每日更新精彩内容
n8wdwmhv2g.tjjtajipiwx.com,热门推荐,收录优质站点资源，人工整理持续更新
dz2rrug7.wkrrwnmidce.com,资源合集,收录优质站点资源，人工整理持续更新
qmw3ceo.wkrrwnmidce.com,资源合集,热门内容及时呈现，追剧看书更轻松
